1445240680192, 1.0354922, 4.583699, -8.802282, 2.2024645E-8, 12.940283730081234, 77.56598964393883
1445240680961, 0.7254431, 4.710592, -8.559271, 0.7586244, 12.940283730081234, 77.56598964393883
1445240681243, 1.0534488, 4.331111, -8.627506, 4.260175, 12.940283730081234, 77.56598964393883
1445240681332, 0.8834604, 4.596867, -8.123527, 66.63863, 12.940283652929734, 77.56599167229955
1445240681415, 1.0139444, 6.077681, -9.566033, 20.336243, 12.940283652929734, 77.56599167229955
1445240681496, 0.02633622, 5.0374002, -9.006987, 181.33858, 12.940283652929734, 77.56599167229955
1445240681579, 1.6280571, 4.602853, -8.865729, 157.64226, 12.940283652929734, 77.56599167229955
1445240681663, 0.50757074, 3.727772, -8.1642275, 155.91139, 12.940283652929734, 77.56599167229955
1445240681745, 0.8331822, 3.347094, -8.649054, 65.84051, 12.940283652929734, 77.56599167229955
1445240681839, 0.7026982, 3.4763808, -8.522161, 13.371934, 12.940283652929734, 77.56599167229955
1445240681931, 1.3036429, 4.1156325, -8.567651, 128.463, 12.940283652929734, 77.56599167229955
1445240682013, 0.6751649, 4.96318, -8.858546, 8.759266, 12.940283652929734, 77.56599167229955
1445240682094, 1.6208745, 4.596867, -9.436746, 0.14776064, 12.940283652929734, 77.56599167229955
1445240682184, 1.4077905, 4.2401314, -8.719683, 16.36039, 12.940283652929734, 77.56599167229955
1445240682266, 1.5562311, 3.8977604, -8.853758, 40.000706, 12.940283652929734, 77.56599167229955
1445240682359, 1.6555905, 5.0960584, -9.543288, 65.39006, 12.940283652929734, 77.56599167229955
1445240682452, 1.0474633, 4.1946416, -8.175002, 15.354053, 12.940283652929734, 77.56599167229955
1445240682534, 1.5394717, 3.9444473, -7.9846625, 52.70167, 12.940283652929734, 77.56599167229955
1445240682627, 1.5466543, 3.8295257, -8.900445, 108.88521, 12.940283652929734, 77.56599167229955
1445240682710, 1.6927006, 4.6351743, -8.564059, 155.1905, 12.940283652929734, 77.56599167229955
1445240682791, 0.82240826, 5.2241483, -8.4108305, 15.813451, 12.940283652929734, 77.56599167229955
1445240682872, 1.8435353, 4.203021, -8.396465, 1.773481, 12.940283652929734, 77.56599167229955
1445240682953, 1.3108255, 4.8602295, -8.900445, 46.849545, 12.940283652929734, 77.56599167229955
1445240683046, 0.23702596, 3.8594532, -8.342596, 163.08887, 12.940283652929734, 77.56599167229955
1445240683140, 0.8571242, 3.7541082, -8.678981, 18.97538, 12.940283652929734, 77.56599167229955
1445240683223, -0.16639702, 4.5238442, -8.184579, 29.343512, 12.940283652929734, 77.56599167229955
1445240683305, 0.30166942, 4.961983, -8.158242, 112.35449, 12.940283652929734, 77.56599167229955
1445240683750, 0.61650693, 5.33907, -8.281544, 12.778035, 12.940283652929734, 77.56599167229955
1445240683844, 0.31364042, 4.7860093, -7.824251, 42.863865, 12.940283652929734, 77.56599167229955
1445240683927, 0.59974754, 5.1571107, -7.6363063, 100.613556, 12.940283652929734, 77.56599167229955
1445240684010, 0.1412579, 5.2852, -7.893683, 70.81647, 12.940283652929734, 77.56599167229955
1445240684104, 0.6943185, 4.5633483, -8.031349, 32.952473, 12.940283652929734, 77.56599167229955
1445240684193, -0.05267244, 5.390545, -7.302315, 89.91549, 12.94030823320756, 77.56605854415642
1445240684276, 0.8331822, 4.9943047, -8.084022, 35.620956, 12.94030823320756, 77.56605854415642
1445240684357, -0.019153614, 5.109226, -7.855376, 62.810993, 12.94030823320756, 77.56605854415642
1445240684441, 0.7553706, 5.0002904, -8.354567, 19.576183, 12.94030823320756, 77.56605854415642
1445240684525, 0.79726917, 4.4603977, -8.10557, 29.999607, 12.94030823320756, 77.56605854415642
1445240684618, 0.47046062, 5.395334, -7.788338, 99.50094, 12.94030823320756, 77.56605854415642
1445240684711, 0.095768064, 5.3007627, -7.405266, 9.26792, 12.94030823320756, 77.56605854415642
1445240684794, 0.35434186, 5.73531, -8.53892, 53.076283, 12.94030823320756, 77.56605854415642
1445240684877, 0.7793127, 5.0757074, -8.26239, 4.98783, 12.94030823320756, 77.56605854415642
1445240684971, 0.61770403, 5.509058, -8.249222, 30.309595, 12.94030823320756, 77.56605854415642
1445240685064, 0.4333505, 5.979519, -8.459911, 8.19766, 12.94030823320756, 77.56605854415642
1445240685149, 0.81642276, 5.3701944, -8.213309, 2.3940592, 12.94030823320756, 77.56605854415642
1445240685239, -0.03232172, 5.3701944, -7.3753386, 1.1839186, 12.940322707714781, 77.56608794778889
1445240685331, 0.5722142, 5.469554, -7.539341, 59.32892, 12.940322707714781, 77.56608794778889
1445240685424, 0.830788, 6.1123967, -9.276335, 89.84699, 12.940322707714781, 77.56608794778889
1445240686232, 0.6440403, 6.2847795, -9.094376, 2.0716188, 12.940322707714781, 77.56608794778889
1445240686330, -0.088585466, 5.5389857, -7.94037, 33.103497, 12.940322707714781, 77.56608794778889
1445240686415, 1.2509704, 4.2544966, -9.465476, 175.00475, 12.940342055288706, 77.56610404689164
1445240686508, 1.3431472, 3.8486793, -8.537724, 65.331055, 12.940342055288706, 77.56610404689164
1445240686599, -0.30047232, 3.0573955, -5.197812, 100.55648, 12.940342055288706, 77.56610404689164
1445240686685, 1.2114661, 3.6715083, -7.7248917, 46.63118, 12.940342055288706, 77.56610404689164
1445240686772, 1.246182, 4.9643774, -10.441113, 159.61351, 12.940342055288706, 77.56610404689164
1445240686855, 0.9876082, 5.535394, -9.15423, 190.39598, 12.940342055288706, 77.56610404689164
1445240686937, 1.0450691, 4.404134, -8.631097, 67.15449, 12.940342055288706, 77.56610404689164
1445240687022, 1.6160861, 3.6631286, -8.327033, 15.773662, 12.940342055288706, 77.56610404689164
1445240687111, 2.2098482, 5.249287, -10.081984, 48.292007, 12.940342055288706, 77.56610404689164
1445240687196, 2.9317, 5.5497594, -12.091916, 114.838135, 12.940342055288706, 77.56610404689164
1445240687308, 1.9512744, 4.808754, -10.072407, 26.61407, 12.940349322798829, 77.56611368595044
1445240687400, 1.1360487, 3.8007953, -8.024167, 24.462576, 12.940349322798829, 77.56611368595044
1445240687484, 1.0666169, 4.7500963, -7.896077, 119.995155, 12.940349322798829, 77.56611368595044
1445240687574, 1.4939818, 3.9444473, -8.505402, 110.96729, 12.940349322798829, 77.56611368595044
1445240687658, 1.7130513, 3.2249897, -8.985439, 116.71736, 12.940349322798829, 77.56611368595044
1445240687747, 0.45489833, 3.9636009, -8.505402, 4.389339, 12.940349322798829, 77.56611368595044
1445240687838, 1.6519991, 3.9636009, -9.546879, 17.101477, 12.940349322798829, 77.56611368595044
1445240687921, 1.3838485, 4.048595, -8.692149, 80.91248, 12.940349322798829, 77.56611368595044
1445240688007, 1.0809821, 2.8634653, -8.10557, 106.049034, 12.940349322798829, 77.56611368595044
1445240688093, 0.8738836, 3.229778, -7.523779, 86.16337, 12.940349322798829, 77.56611368595044
1445240688178, 1.1324574, 3.679888, -8.860941, 73.93859, 12.940349322798829, 77.56611368595044
1445240688273, 1.1085154, 4.301183, -9.763555, 32.1327, 12.940349322798829, 77.56611368595044
1445240688357, 1.4652514, 3.774459, -9.640253, 5.492603, 12.940349322798829, 77.56611368595044
1445240688442, 1.3958195, 4.1515455, -9.888053, 7.0417066, 12.940349322798829, 77.56611368595044
1445240688527, 1.3623008, 3.6296098, -8.403648, 109.28828, 12.940349322798829, 77.56611368595044
1445240688611, 1.5263035, 4.3143516, -9.865308, 72.96608, 12.940349322798829, 77.56611368595044
1445240688693, 0.7493851, 3.311181, -8.37372, 35.18302, 12.940349322798829, 77.56611368595044
1445240688778, 1.6879122, 2.6767175, -7.937976, 87.03625, 12.940349322798829, 77.56611368595044
1445240688863, 1.6555905, 4.507085, -9.112331, 73.37525, 12.940349322798829, 77.56611368595044
1445240688955, 2.3750482, 3.558981, -8.597578, 31.098593, 12.940349322798829, 77.56611368595044
1445240689043, 0.92416185, 3.8043866, -8.414422, 117.508575, 12.940349322798829, 77.56611368595044
1445240689129, 0.7577648, 3.891775, -8.297106, 4.4544353, 12.940349322798829, 77.56611368595044
1445240689559, 1.5933412, 3.9456444, -8.682572, 11.693264, 12.940349322798829, 77.56611368595044
1445240689651, 1.2473791, 4.605247, -9.144653, 16.13482, 12.940349322798829, 77.56611368595044
1445240689735, 0.4369418, 4.27365, -6.767211, 147.07236, 12.940349322798829, 77.56611368595044
1445240689818, 1.3192052, 5.2840033, -8.932767, 33.285328, 12.940349322798829, 77.56611368595044
1445240689903, 2.3068132, 5.195418, -9.472659, 41.759293, 12.940349322798829, 77.56611368595044
1445240689991, 0.92655605, 5.801151, -7.811083, 100.801315, 12.940349322798829, 77.56611368595044
1445240690082, 0.14963761, 5.2002063, -8.583213, 238.88809, 12.940349322798829, 77.56611368595044
1445240690168, 1.103727, 4.212598, -8.1319065, 48.021446, 12.940507770071603, 77.5661916290845
1445240690256, 1.0977415, 5.49589, -9.248801, 18.228672, 12.940507770071603, 77.5661916290845
1445240690341, 0.9804256, 4.390966, -8.443152, 49.01078, 12.940507770071603, 77.5661916290845
1445240690430, 0.63206923, 5.9543796, -8.738836, 103.30039, 12.940507770071603, 77.5661916290845
1445240690517, 0.8678981, 4.211401, -7.839813, 69.89961, 12.940507770071603, 77.5661916290845
1445240690604, 0.8619126, 3.9947255, -7.067683, 63.157356, 12.940507770071603, 77.5661916290845
1445240690689, 1.6304513, 4.96318, -7.6770077, 132.66693, 12.940507770071603, 77.5661916290845
1445240690781, 1.7717092, 6.0956373, -10.840945, 205.45898, 12.940507770071603, 77.5661916290845
1445240690865, 0.2633622, 6.191406, -8.980651, 53.29949, 12.940507770071603, 77.5661916290845
1445240690949, 0.094570965, 6.089652, -8.364143, 41.68223, 12.940507770071603, 77.5661916290845
1445240691031, 1.863886, 5.5126495, -8.418014, 138.8344, 12.940507770071603, 77.5661916290845
1445240691114, 1.1611878, 6.6534867, -10.164583, 155.76555, 12.940507770071603, 77.5661916290845
1445240691203, 0.88944596, 7.3226657, -10.160992, 45.0594, 12.940522855751324, 77.56620498777421
1445240691292, -0.2765303, 5.461174, -8.137892, 112.85032, 12.940522855751324, 77.56620498777421
1445240691377, -0.61890113, 5.177461, -5.9029045, 189.28275, 12.940522855751324, 77.56620498777421
1445240691463, 0.1340753, 4.7297454, -6.7971387, 69.29101, 12.940522855751324, 77.56620498777421
1445240691548, 0.94690675, 5.2756233, -8.60117, 51.781578, 12.940522855751324, 77.56620498777421
1445240691639, 0.8678981, 5.793968, -8.91481, 13.966137, 12.940522855751324, 77.56620498777421
1445240691720, 0.11372458, 5.625177, -8.7053175, 87.00882, 12.940522855751324, 77.56620498777421
1445240691808, 0.8798691, 5.554548, -9.006987, 44.755283, 12.940522855751324, 77.56620498777421
1445240691896, -0.50637364, 5.8825536, -7.4112515, 61.079372, 12.940522855751324, 77.56620498777421
1445240691990, 0.641646, 4.4520183, -7.2221093, 9.933381, 12.940522855751324, 77.56620498777421
1445240692081, 1.5502456, 6.4966664, -10.093954, 8.945413, 12.940522855751324, 77.56620498777421
1445240692514, 1.3730747, 6.105214, -9.518148, 0.16586886, 12.940522855751324, 77.56620498777421
1445240692598, 1.3192052, 3.6248214, -8.7053175, 204.93236, 12.940546574957363, 77.56622175781061
1445240692688, 1.4305356, 3.8606503, -8.615535, 49.09462, 12.940546574957363, 77.56622175781061
1445240692774, 1.62686, 4.6722846, -9.00579, 71.0005, 12.940546574957363, 77.56622175781061
1445240692865, 0.31124622, 5.29358, -7.94037, 40.780373, 12.940546574957363, 77.56622175781061
1445240692955, 1.2689269, 3.465607, -7.7201033, 73.03661, 12.940546574957363, 77.56622175781061
1445240693041, 1.5107412, 4.358644, -8.364143, 56.415096, 12.940546574957363, 77.56622175781061
1445240693129, 0.700304, 4.554969, -8.476671, 83.52192, 12.940546574957363, 77.56622175781061
1445240693212, 1.2665327, 3.78643, -8.552089, 33.062866, 12.940596682386923, 77.56623431512969
1445240693297, 0.7469909, 4.474763, -8.236053, 57.71739, 12.940596682386923, 77.56623431512969
1445240693384, 0.664391, 4.859032, -8.475474, 7.1549687, 12.940596682386923, 77.56623431512969
1445240693470, 1.1216835, 3.892972, -8.468291, 57.65334, 12.940596682386923, 77.56623431512969
1445240693554, 0.7529764, 4.414908, -8.516175, 12.541044, 12.940596682386923, 77.56623431512969
1445240693639, 0.023942016, 3.6882677, -7.8769236, 96.0497, 12.940596682386923, 77.56623431512969
1445240693724, 1.3347675, 2.9628246, -7.693767, 90.41634, 12.940596682386923, 77.56623431512969
1445240693806, 1.8626889, 4.2293572, -9.197326, 35.475117, 12.940596682386923, 77.56623431512969
1445240693895, 0.9564836, 5.0745106, -8.9758625, 18.023695, 12.940596682386923, 77.56623431512969
1445240693983, 1.4161704, 3.539827, -7.7548194, 16.78697, 12.940596682386923, 77.56623431512969
1445240694066, 1.5275006, 4.650737, -9.02614, 5.8430147, 12.940596682386923, 77.56623431512969
1445240694153, 0.46447513, 4.247314, -8.91481, 155.76067, 12.940596682386923, 77.56623431512969
1445240694239, 1.0031705, 2.9352913, -6.9108634, 143.09528, 12.940673268540523, 77.56630745054035
1445240694326, 0.17717093, 4.5741224, -8.652645, 106.7759, 12.940673268540523, 77.56630745054035
1445240694416, 1.8782512, 3.9145198, -9.0237465, 75.32313, 12.940673268540523, 77.56630745054035
1445240694504, 1.447295, 4.1695023, -8.042124, 90.52234, 12.940673268540523, 77.56630745054035
1445240694590, 0.7038953, 4.734534, -8.325836, 53.730343, 12.940673268540523, 77.56630745054035
1445240694677, 0.93014735, 4.820725, -8.981848, 39.490665, 12.940673268540523, 77.56630745054035
1445240694761, 0.9600749, 4.7979803, -8.368932, 73.82132, 12.940673268540523, 77.56630745054035
1445240694850, 1.0498575, 3.845088, -7.314286, 21.520893, 12.940673268540523, 77.56630745054035
1445240694936, 0.5770026, 5.4539914, -8.274361, 20.702812, 12.940673268540523, 77.56630745054035
1445240695027, 0.92416185, 5.851429, -8.9279785, 9.997651, 12.940673268540523, 77.56630745054035
1445240695410, 0.9911995, 5.555745, -8.978256, 7.2636456, 12.940673268540523, 77.56630745054035
1445240695498, 0.91219085, 5.470751, -7.9583263, 97.26437, 12.940673268540523, 77.56630745054035
1445240695583, 0.9552865, 5.872977, -9.321824, 109.30674, 12.940697373360718, 77.56632080401543
1445240695670, -0.32920274, 5.3474493, -8.197746, 77.94759, 12.940697373360718, 77.56632080401543
1445240695755, -0.31364042, 4.571728, -6.9168487, 61.263363, 12.940697373360718, 77.56632080401543
1445240695838, 0.320823, 5.139154, -7.6602483, 55.239746, 12.940697373360718, 77.56632080401543
1445240695921, 0.17477672, 5.258864, -7.839813, 25.109953, 12.940697373360718, 77.56632080401543
1445240696004, 0.5734113, 4.346673, -6.597223, 86.78981, 12.940697373360718, 77.56632080401543
1445240696087, 0.23343466, 4.3646297, -6.5828576, 37.518883, 12.940697373360718, 77.56632080401543
1445240696171, 0.81043726, 5.4527946, -8.452729, 24.369556, 12.940697373360718, 77.56632080401543
1445240696256, 0.6428431, 5.118803, -8.0445175, 10.85736, 12.940853960656804, 77.56627622929598
1445240696345, -0.047884032, 6.0561333, -7.633912, 74.68278, 12.940853960656804, 77.56627622929598
1445240696433, 0.47764325, 5.6084175, -8.143877, 48.5566, 12.940853960656804, 77.56627622929598
1445240696522, 0.5386954, 4.7081976, -7.7248917, 47.747982, 12.940853960656804, 77.56627622929598
1445240696611, 0.581791, 4.936844, -8.175002, 19.818731, 12.940853960656804, 77.56627622929598
1445240696699, 0.51834464, 5.185841, -8.228871, 14.9638, 12.940853960656804, 77.56627622929598
1445240696784, 0.4189853, 4.8518496, -7.2268977, 66.896774, 12.940853960656804, 77.56627622929598
1445240696870, 0.8595184, 5.451597, -8.603564, 39.11462, 12.940853960656804, 77.56627622929598
1445240696959, 0.6871359, 5.4922986, -8.7951, 36.729248, 12.940853960656804, 77.56627622929598
1445240697043, -0.16519992, 5.592855, -7.723695, 37.60304, 12.940853960656804, 77.56627622929598
1445240697126, 0.7182605, 5.9041014, -8.135497, 94.32586, 12.940853960656804, 77.56627622929598
1445240697209, 0.11372458, 5.3642087, -7.704541, 85.960526, 12.940927735087946, 77.56626806937369
1445240697306, 0.04070143, 5.5150437, -7.607576, 18.01825, 12.940927735087946, 77.56626806937369
1445240697396, 0.16400282, 5.997475, -7.8410106, 41.83126, 12.940927735087946, 77.56626806937369
1445240697484, 0.19991584, 5.234922, -8.009802, 100.61034, 12.940927735087946, 77.56626806937369
1445240697570, 0.30166942, 5.1726727, -7.8649526, 21.436491, 12.940927735087946, 77.56626806937369
1445240697658, -0.17597382, 6.2009826, -8.549694, 15.23576, 12.940927735087946, 77.56626806937369
1445240697746, 0.1400608, 5.8083334, -8.184579, 32.78418, 12.940927735087946, 77.56626806937369
1445240697839, -0.1364695, 5.9783216, -7.5824366, 53.869587, 12.940927735087946, 77.56626806937369
1445240697929, 0.47285482, 5.1690817, -7.8206596, 48.147137, 12.940927735087946, 77.56626806937369
1445240698015, 0.29568392, 5.133168, -8.333019, 84.353935, 12.940927735087946, 77.56626806937369
1445240698098, 0.31483752, 4.7979803, -8.224083, 24.951567, 12.940927735087946, 77.56626806937369
1445240698183, 1.4437037, 4.727351, -8.817844, 54.64419, 12.940927735087946, 77.56626806937369
1445240698265, 1.0702082, 4.235343, -7.892486, 7.29933, 12.940976620163452, 77.56630270776284
1445240698349, 1.270124, 5.448006, -8.993818, 37.0532, 12.940976620163452, 77.56630270776284
1445240698432, 0.20949265, 7.0844426, -9.562442, 0.86520094, 12.940976620163452, 77.56630270776284
1445240698517, -0.35793316, 5.8454432, -7.9834657, 27.077198, 12.940976620163452, 77.56630270776284
1445240698602, 1.9440918, 4.6591167, -8.237251, 101.4015, 12.940976620163452, 77.56630270776284
1445240698686, -0.6859388, 6.564901, -9.097966, 186.466, 12.940976620163452, 77.56630270776284
1445240698774, 0.47524905, 6.019023, -9.606734, 12.107004, 12.940976620163452, 77.56630270776284
1445240698867, 0.2705448, 5.571307, -8.947132, 0.78066534, 12.940976620163452, 77.56630270776284
1445240698958, -1.3946224, 3.8546648, -5.233725, 36.439266, 12.940976620163452, 77.56630270776284
1445240699048, 0.021547815, 4.987122, -6.501455, 140.75798, 12.940976620163452, 77.56630270776284
1445240699139, 1.1468226, 5.0062757, -7.8050976, 17.496098, 12.940976620163452, 77.56630270776284
1445240699226, -0.02633622, 5.345055, -7.8733325, 104.955185, 12.941014975092983, 77.56633423636904
1445240699311, 0.17717093, 5.628768, -7.4351935, 107.59986, 12.941014975092983, 77.56633423636904
1445240699394, 0.16160862, 4.8638206, -8.201338, 188.61636, 12.941014975092983, 77.56633423636904
1445240699479, 0.5363012, 4.734534, -8.341399, 12.393503, 12.941014975092983, 77.56633423636904
1445240699561, 1.3156139, 2.4708161, -8.021772, 142.04619, 12.941014975092983, 77.56633423636904
1445240699644, 2.0003555, 6.951565, -10.43872, 327.20752, 12.941014975092983, 77.56633423636904
1445240700018, 0.9816227, 7.064092, -10.024523, 13.190568, 12.941014975092983, 77.56633423636904
1445240700105, 0.06703765, 7.005434, -9.512163, 52.37319, 12.941014975092983, 77.56633423636904
1445240700196, 0.23104046, 7.028179, -9.113529, 64.32764, 12.941014975092983, 77.56633423636904
1445240700281, 0.45130703, 2.2864625, -2.2361844, 277.16412, 12.941014975092983, 77.56633423636904
1445240700369, -0.076614454, 0.0035913025, -0.3172317, 101.34548, 12.941014975092983, 77.56633423636904
1445240700459, 0.30166942, 2.420538, -2.813187, 33.626434, 12.941014975092983, 77.56633423636904
1445240700543, 1.6747441, 9.586384, -13.166912, 213.50644, 12.941014975092983, 77.56633423636904
1445240700626, 5.2636523, 7.0221934, -16.877924, 327.5969, 12.941014975092983, 77.56633423636904
1445240700709, 0.5686229, 4.859032, -9.204509, 98.21972, 12.941014975092983, 77.56633423636904
1445240700792, 0.51954174, 0.80205756, -5.493496, 47.028973, 12.941014975092983, 77.56633423636904
1445240700875, 1.946486, 0.8487445, -4.5441947, 291.91956, 12.941014975092983, 77.56633423636904
1445240700962, 0.81283146, 4.947618, -7.523779, 1.6511719, 12.941014975092983, 77.56633423636904
1445240701049, 1.7106571, 5.4264584, -10.0748005, 134.98338, 12.941014975092983, 77.56633423636904
1445240701135, 2.5210943, 4.51307, -11.374852, 163.13985, 12.941014975092983, 77.56633423636904
1445240701216, 1.3718776, 3.8163576, -8.834604, 85.71837, 12.941014975092983, 77.56633423636904
1445240701306, 2.1990743, 3.5122938, -8.259995, 123.34175, 12.941014975092983, 77.56633423636904
1445240701394, 1.946486, 3.8175547, -7.243657, 120.113625, 12.941014975092983, 77.56633423636904
1445240701478, 1.400608, 4.2904096, -8.429984, 149.92259, 12.941014975092983, 77.56633423636904
1445240701567, 1.471237, 4.489128, -9.247604, 62.30365, 12.941014975092983, 77.56633423636904
1445240701653, 2.1212628, 4.2413282, -8.687361, 110.62863, 12.941014975092983, 77.56633423636904
1445240701739, 1.5705963, 4.891354, -8.875306, 10.30068, 12.941014975092983, 77.56633423636904
1445240701823, 1.9800048, 4.3394904, -8.99741, 31.874552, 12.941014975092983, 77.56633423636904
1445240701905, 1.6244658, 4.654328, -8.836999, 14.422773, 12.941014975092983, 77.56633423636904
1445240701988, 1.3850456, 4.2185836, -8.340201, 21.489958, 12.941014975092983, 77.56633423636904
1445240702071, 1.2354081, 4.5681367, -8.152257, 46.73016, 12.941014975092983, 77.56633423636904
1445240702155, 1.4413095, 4.1132383, -8.588001, 81.516785, 12.941014975092983, 77.56633423636904
1445240702240, 1.7190368, 4.2173862, -8.89805, 8.450228, 12.941169163398945, 77.56632548500608
1445240702328, 1.5406688, 4.9524064, -9.14226, 35.50486, 12.941169163398945, 77.56632548500608
1445240702413, 2.3798366, 3.8534677, -9.077616, 22.956175, 12.941169163398945, 77.56632548500608
1445240702501, 2.0841527, 4.38498, -8.3390045, 110.73177, 12.941169163398945, 77.56632548500608
1445240702586, 2.1691468, 4.68665, -8.611943, 13.37949, 12.941169163398945, 77.56632548500608
1445240702677, 1.7585411, 3.776853, -8.848969, 173.0477, 12.941169163398945, 77.56632548500608
1445240702763, 1.258153, 3.977966, -8.099585, 51.73683, 12.941169163398945, 77.56632548500608
1445240702856, 2.0171149, 3.6739025, -7.9152308, 68.73674, 12.941169163398945, 77.56632548500608
1445240702944, 2.0398598, 3.8043866, -8.348581, 31.832024, 12.941169163398945, 77.56632548500608
1445240703031, 1.7250223, 3.833117, -8.520964, 52.699932, 12.941169163398945, 77.56632548500608
1445240703116, 2.099715, 4.0557775, -9.293094, 20.561892, 12.941169163398945, 77.56632548500608
1445240703211, 1.1839328, 3.9480386, -8.161834, 11.340895, 12.941169163398945, 77.56632548500608
1445240703302, 2.2026656, 3.3770216, -7.893683, 78.66666, 12.941169163398945, 77.56632548500608
1445240703388, 2.3127987, 4.1814733, -8.261193, 64.36174, 12.941169163398945, 77.56632548500608
1445240703765, 1.3036429, 3.3291376, -7.9355817, 40.631752, 12.941169163398945, 77.56632548500608
1445240703939, 1.6065093, 3.630807, -8.66701, 7.420618, 12.941169163398945, 77.56632548500608
1445240704020, 2.2254105, 4.3478703, -9.209297, 95.62383, 12.941169163398945, 77.56632548500608
1445240704106, 1.0510546, 4.68665, -7.867347, 58.20395, 12.941169163398945, 77.56632548500608
1445240704192, 1.7190368, 3.156755, -7.9116397, 105.372696, 12.941169163398945, 77.56632548500608
1445240704281, 1.2629414, 3.2142158, -6.955156, 62.679653, 12.94126353631458, 77.56631156258392
1445240704365, 1.9285295, 4.2999864, -9.070433, 43.32361, 12.94126353631458, 77.56631156258392
1445240704448, 1.4377182, 5.1319714, -9.01776, 47.45139, 12.94126353631458, 77.56631156258392
1445240704536, 1.3000516, 4.390966, -8.591593, 51.42093, 12.94126353631458, 77.56631156258392
1445240704623, 1.6843209, 3.4261026, -7.9475527, 7.377447, 12.94126353631458, 77.56631156258392
1445240704709, 1.5861586, 4.947618, -8.206126, 133.88272, 12.94126353631458, 77.56631156258392
1445240704794, 1.8734628, 3.7241807, -8.678981, 167.73668, 12.94126353631458, 77.56631156258392
1445240704881, 0.8595184, 5.088876, -9.093178, 7.209778, 12.94126353631458, 77.56631156258392
1445240704968, 1.7310078, 3.8247373, -8.856153, 17.887861, 12.94126353631458, 77.56631156258392
1445240705053, 0.85473, 4.4484267, -8.409634, 22.815369, 12.94126353631458, 77.56631156258392
1445240705140, 1.9596541, 3.916914, -9.024943, 4.8159456, 12.94126353631458, 77.56631156258392
1445240705224, 1.0115502, 5.121197, -8.50181, 92.77537, 12.941303659916189, 77.56633553638554
1445240705309, 0.78050977, 4.1240125, -8.313866, 122.38603, 12.941303659916189, 77.56633553638554
1445240705395, 1.650802, 4.2461166, -9.185355, 14.058933, 12.941303659916189, 77.56633553638554
1445240705479, 0.9744401, 4.9404354, -8.825027, 45.033867, 12.941303659916189, 77.56633553638554
1445240705563, 1.6077064, 4.047398, -7.9942393, 67.97825, 12.941303659916189, 77.56633553638554
1445240705646, 1.3144168, 4.1000705, -8.467094, 85.96058, 12.941303659916189, 77.56633553638554
1445240705730, 1.6496049, 4.5142674, -8.268375, 112.869514, 12.941303659916189, 77.56633553638554
1445240705814, 1.0785879, 4.602853, -8.163031, 45.43213, 12.941303659916189, 77.56633553638554
1445240705898, 1.2725182, 4.675876, -8.172607, 30.64008, 12.941303659916189, 77.56633553638554
1445240705984, 1.7848774, 4.8901567, -8.228871, 77.054695, 12.941303659916189, 77.56633553638554
1445240706074, 1.9716251, 3.705027, -7.916428, 77.071785, 12.941303659916189, 77.56633553638554
1445240706165, 0.5734113, 4.8626237, -7.8709383, 21.44253, 12.941303659916189, 77.56633553638554
1445240706588, 0.59974754, 4.2461166, -7.800309, 12.282311, 12.941303659916189, 77.56633553638554
1445240706679, 0.91458505, 4.8482585, -8.046912, 73.667725, 12.941392359117074, 77.56637063909984
1445240706762, 1.7274165, 4.1000705, -8.683769, 68.12061, 12.941392359117074, 77.56637063909984
1445240706844, 1.0702082, 5.161899, -8.234857, 104.08936, 12.941392359117074, 77.56637063909984
1445240706926, 1.2078748, 4.663905, -7.953538, 9.635251, 12.941392359117074, 77.56637063909984
1445240707010, 0.9828198, 4.4699745, -8.069656, 63.70283, 12.941392359117074, 77.56637063909984
1445240707099, 2.2876596, 3.728969, -7.5920134, 118.34968, 12.941392359117074, 77.56637063909984
1445240707187, -0.3866636, 4.519056, -6.7863646, 121.189606, 12.941392359117074, 77.56637063909984
1445240707278, 0.61052144, 4.0198646, -7.2687964, 1.7291175, 12.94143201879984, 77.56640550243257
1445240707365, 1.1923125, 3.942053, -8.048109, 31.647463, 12.94143201879984, 77.56640550243257
1445240707454, 1.0175357, 4.71538, -8.240842, 45.597473, 12.94143201879984, 77.56640550243257
1445240707542, 1.1252748, 4.5046906, -8.12592, 1.3603947, 12.94143201879984, 77.56640550243257
1445240707634, 0.8559271, 5.067328, -8.056489, 39.42619, 12.94143201879984, 77.56640550243257
1445240707725, 1.5753847, 4.746505, -8.192958, 28.8094, 12.94143201879984, 77.56640550243257
1445240707812, 0.39624038, 4.253299, -6.752846, 26.390661, 12.94143201879984, 77.56640550243257
1445240707896, 0.8331822, 5.0757074, -7.9068513, 12.541044, 12.94143201879984, 77.56640550243257
1445240707983, 0.7230489, 5.1918263, -8.055291, 16.564491, 12.94143201879984, 77.56640550243257
1445240708066, 1.0785879, 4.381389, -7.121553, 57.004745, 12.94143201879984, 77.56640550243257
1445240708152, 0.7098808, 5.7281275, -7.789535, 36.47636, 12.94143201879984, 77.56640550243257
1445240708237, 0.4369418, 5.231331, -7.2963295, 32.154625, 12.941505948294271, 77.56642454103797
1445240708320, 0.62728083, 5.106832, -7.7105265, 41.970745, 12.941505948294271, 77.56642454103797
1445240708407, 0.92416185, 4.8817773, -7.627927, 17.956524, 12.941505948294271, 77.56642454103797
1445240708492, 0.700304, 5.6156, -8.738836, 70.699356, 12.941505948294271, 77.56642454103797
1445240708575, 0.8439561, 6.266823, -8.889671, 76.671326, 12.941505948294271, 77.56642454103797
1445240708659, 0.6404489, 5.031415, -8.35337, 107.453896, 12.941505948294271, 77.56642454103797
1445240708746, 0.81163436, 5.0362034, -8.645462, 13.346946, 12.941505948294271, 77.56642454103797
1445240708837, 0.7529764, 5.657499, -8.981848, 25.139067, 12.941505948294271, 77.56642454103797
1445240708923, 0.8283938, 4.88058, -7.904457, 43.708004, 12.941505948294271, 77.56642454103797
1445240709008, 0.7146692, 5.5581393, -8.626308, 18.373978, 12.941505948294271, 77.56642454103797
1445240709094, 0.8331822, 4.9943047, -7.9475527, 27.462902, 12.941505948294271, 77.56642454103797
1445240709178, 0.06703765, 5.3127337, -7.5584946, 6.9008994, 12.941505948294271, 77.56642454103797
1445240709263, 0.6380547, 5.1439424, -7.1023993, 102.18109, 12.941562152619019, 77.56640370884259
1445240709347, 1.186327, 5.291186, -8.182184, 45.746338, 12.941562152619019, 77.56640370884259
1445240709432, 0.89303726, 6.0944405, -8.842984, 17.745298, 12.941562152619019, 77.56640370884259
1445240709515, 0.1412579, 5.011064, -7.667431, 78.52407, 12.941562152619019, 77.56640370884259
1445240709607, 0.3172317, 5.471948, -7.368156, 101.75358, 12.941562152619019, 77.56640370884259
1445240709693, 1.6124948, 4.380192, -7.8853035, 36.469837, 12.941562152619019, 77.56640370884259
1445240709780, 0.6667852, 5.759252, -7.872135, 51.9208, 12.941562152619019, 77.56640370884259
1445240709871, 0.5626374, 5.493496, -6.9407907, 61.026134, 12.941562152619019, 77.56640370884259
1445240709961, 0.46806642, 5.1523223, -7.004237, 55.4657, 12.941562152619019, 77.56640370884259
1445240710051, 0.6512229, 4.8722005, -8.384495, 164.13594, 12.941562152619019, 77.56640370884259
1445240710142, 0.61770403, 5.2660465, -8.271967, 51.962044, 12.941562152619019, 77.56640370884259
1445240710228, 0.15682021, 5.4432178, -7.6829934, 35.913074, 12.94160923462952, 77.56642155201831
1445240710312, 0.7110779, 5.5581393, -8.394072, 4.929262, 12.94160923462952, 77.56642155201831
1445240710397, 0.41060558, 5.85502, -7.752425, 75.95891, 12.94160923462952, 77.56642155201831
1445240710480, 0.6751649, 4.882974, -7.575254, 63.132782, 12.94160923462952, 77.56642155201831
1445240710565, 0.8595184, 5.365406, -8.268375, 3.135261, 12.94160923462952, 77.56642155201831
1445240710648, 0.36391866, 5.9005103, -7.765593, 65.33577, 12.94160923462952, 77.56642155201831
1445240710732, 0.7649474, 5.711368, -8.2169, 28.502432, 12.94160923462952, 77.56642155201831
1445240710812, 0.35673606, 5.6156, -7.9391727, 27.932297, 12.94160923462952, 77.56642155201831
1445240710898, 0.4237737, 6.045359, -7.9331875, 58.463005, 12.94160923462952, 77.56642155201831
1445240710986, 0.1604115, 5.9005103, -7.65546, 14.827684, 12.94160923462952, 77.56642155201831
1445240711074, 0.32441434, 5.781997, -8.111555, 46.659763, 12.94160923462952, 77.56642155201831
1445240711156, 0.9959879, 5.2852, -7.410054, 106.8631, 12.94160923462952, 77.56642155201831
1445240711238, 0.31244332, 5.746084, -7.1059904, 9.927226, 12.941650089639756, 77.56643983869574
1445240711326, 0.7038953, 6.0800753, -7.837419, 0.6880157, 12.941650089639756, 77.56643983869574
1445240711414, 0.30645782, 5.865794, -7.4603324, 26.363148, 12.941650089639756, 77.56643983869574
1445240711496, 0.9648633, 6.932411, -8.572439, 74.7458, 12.941650089639756, 77.56643983869574
1445240711581, 0.4357447, 6.029797, -8.198944, 124.498474, 12.941650089639756, 77.56643983869574
1445240711668, 0.4417302, 5.922058, -7.9463553, 17.33736, 12.941650089639756, 77.56643983869574
1445240711751, 0.51116204, 5.8502316, -8.06008, 13.99023, 12.941650089639756, 77.56643983869574
1445240711841, 0.9959879, 4.277241, -7.9128366, 105.72155, 12.941650089639756, 77.56643983869574
1445240711925, -2.6491842, 10.356119, -8.780735, 186.40562, 12.941650089639756, 77.56643983869574
1445240712018, 2.7952304, 2.0626047, -8.418014, 264.50836, 12.941650089639756, 77.56643983869574
1445240712106, 1.9680338, -0.35673606, -5.3486466, 20.13304, 12.941650089639756, 77.56643983869574
1445240712196, -0.5590461, 3.892972, -3.738546, 370.3032, 12.941692273974386, 77.56646398364425
1445240712287, 0.0023942017, 19.612701, -18.010382, 220.80588, 12.941692273974386, 77.56646398364425
1445240712375, 1.1372458, 6.0968347, -9.185355, 408.7343, 12.941692273974386, 77.56646398364425
1445240712464, 0.37469256, 1.555034, -2.5917234, 144.8627, 12.941692273974386, 77.56646398364425
1445240712551, -0.5554548, 0.81402856, -0.21667525, 80.90751, 12.941692273974386, 77.56646398364425
1445240712637, -0.91219085, 3.193865, -3.1376014, 104.39834, 12.941692273974386, 77.56646398364425
1445240712723, 1.70946, 4.772841, -8.913613, 183.18437, 12.941692273974386, 77.56646398364425
1445240712809, 3.7445314, 8.185776, -13.423092, 109.13117, 12.941692273974386, 77.56646398364425
1445240712894, 0.91099375, 5.4180784, -7.6135616, 24.220333, 12.941692273974386, 77.56646398364425
1445240712978, 0.7146692, 2.2637177, -5.129577, 103.1787, 12.941692273974386, 77.56646398364425
1445240713062, 1.1432313, 3.05141, -5.519832, 99.51798, 12.941692273974386, 77.56646398364425
1445240713148, 0.8343793, 5.149928, -7.4363904, 14.585352, 12.941692273974386, 77.56646398364425
1445240713236, 1.9476831, 5.197812, -10.157401, 177.25258, 12.941726002336043, 77.56647252437118
1445240713319, 1.934515, 5.90889, -10.342952, 62.48276, 12.941726002336043, 77.56647252437118
1445240713409, 1.459266, 4.663905, -8.101978, 57.85995, 12.941726002336043, 77.56647252437118
1445240713493, 1.316811, 4.7309427, -7.811083, 25.350348, 12.941726002336043, 77.56647252437118
1445240713582, 0.61291564, 5.068525, -7.2604165, 20.94919, 12.941726002336043, 77.56647252437118
1445240713668, 1.5933412, 5.133168, -8.222886, 9.494211, 12.941726002336043, 77.56647252437118
1445240713759, 1.1408371, 5.2480903, -7.702147, 20.127138, 12.941726002336043, 77.56647252437118
1445240713846, 1.4281414, 5.3247046, -8.567651, 57.653507, 12.941726002336043, 77.56647252437118
1445240713937, 0.5590461, 5.6922145, -8.565256, 54.856083, 12.941726002336043, 77.56647252437118
1445240714022, 0.15083471, 6.1183825, -7.61835, 113.513275, 12.941726002336043, 77.56647252437118
1445240714105, 0.7613561, 4.712986, -7.6291237, 97.06612, 12.941726002336043, 77.56647252437118
1445240714211, 0.94810385, 4.619612, -7.7201033, 0.22591284, 12.941726002336043, 77.56647252437118
1445240714920, 1.1791444, 4.7548847, -7.651869, 6.129019, 12.941726002336043, 77.56647252437118
1445240715529, 1.0941502, 4.8901567, -7.6147585, 1.4349431, 12.941726002336043, 77.56647252437118
1445240715619, 0.736217, 5.100847, -7.654263, 20.749727, 12.94180663794697, 77.56648003340513
1445240715703, 1.1360487, 5.069722, -8.249222, 26.934715, 12.94180663794697, 77.56648003340513
1445240715791, 1.1959038, 4.9667716, -8.09719, 12.379126, 12.94180663794697, 77.56648003340513
1445240715879, 0.80564886, 5.6982, -8.421604, 1.9044225, 12.94180663794697, 77.56648003340513
1445240715969, 1.1180922, 4.9440265, -7.603985, 41.765427, 12.94180663794697, 77.56648003340513
1445240716056, 1.1623849, 5.3821654, -8.6095495, 60.130154, 12.94180663794697, 77.56648003340513
1445240716143, 1.8686744, 4.847061, -9.197326, 47.883987, 12.941830032096039, 77.56648466264649
1445240716236, 1.4425066, 4.4783545, -8.725668, 34.754456, 12.941830032096039, 77.56648466264649
1445240716324, 1.661576, 3.9217024, -8.367735, 2.3125517, 12.941830032096039, 77.56648466264649
1445240716411, 1.99437, 3.0298622, -8.789114, 114.003, 12.941830032096039, 77.56648466264649
1445240716495, 1.447295, 3.6248214, -8.772355, 7.6955843, 12.941830032096039, 77.56648466264649
1445240716584, 2.006341, 3.1794999, -8.599973, 31.789566, 12.941830032096039, 77.56648466264649
1445240716668, 1.8435353, 3.9252937, -8.853758, 39.19079, 12.941830032096039, 77.56648466264649
1445240716751, 1.520318, 4.721366, -8.72088, 73.869865, 12.941830032096039, 77.56648466264649
1445240716837, 1.5921441, 4.2784386, -8.6334915, 32.61073, 12.941830032096039, 77.56648466264649
1445240716922, 1.9249382, 3.347094, -8.525752, 57.7424, 12.941830032096039, 77.56648466264649
1445240717011, 1.2904748, 3.5170822, -7.7907324, 30.398315, 12.941830032096039, 77.56648466264649
1445240717098, 1.6292542, 3.86903, -8.300697, 20.777275, 12.941830032096039, 77.56648466264649
1445240717188, 1.483208, 4.2066126, -8.78672, 32.72078, 12.941850115641195, 77.56648822941244
1445240717269, 0.80564886, 5.294777, -8.124723, 132.42003, 12.941850115641195, 77.56648822941244
1445240717358, 0.90021986, 5.2648497, -7.8972745, 32.819416, 12.941850115641195, 77.56648822941244
1445240717444, 0.60932434, 5.258864, -7.821857, 25.75159, 12.941850115641195, 77.56648822941244
1445240717532, 1.0402806, 5.116409, -7.81228, 33.872505, 12.941850115641195, 77.56648822941244
1445240717617, 0.50038815, 5.997475, -7.565677, 69.15019, 12.941850115641195, 77.56648822941244
1445240717700, 0.6464345, 5.4551888, -7.7093296, 65.04731, 12.941850115641195, 77.56648822941244
1445240717785, 1.3132197, 5.1607018, -8.112753, 3.6617727, 12.941850115641195, 77.56648822941244
1445240717869, 0.7685388, 4.811148, -7.615956, 47.31394, 12.941850115641195, 77.56648822941244
1445240717952, 1.3862427, 5.2899885, -8.65863, 6.4903283, 12.941850115641195, 77.56648822941244
1445240718036, 1.0905589, 5.5988407, -8.883685, 25.528482, 12.941850115641195, 77.56648822941244
1445240718122, 1.2126632, 3.53863, -7.94037, 114.3439, 12.941850115641195, 77.56648822941244
1445240718212, 1.5825673, 3.9947255, -8.365341, 45.0594, 12.941855898769184, 77.56649043717887
1445240718296, 1.8543092, 4.867412, -9.121908, 45.630737, 12.941855898769184, 77.56649043717887
1445240718386, 1.6519991, 4.284424, -8.742428, 45.090885, 12.941855898769184, 77.56649043717887
1445240718473, 1.79206, 4.5298295, -8.607155, 59.855118, 12.941855898769184, 77.56649043717887
1445240718556, 1.4891934, 4.6232033, -8.792706, 47.59559, 12.941855898769184, 77.56649043717887
1445240718637, 1.8064252, 5.08289, -8.956709, 75.668526, 12.941855898769184, 77.56649043717887
1445240718729, 1.3994108, 4.537012, -8.018182, 1.5614343, 12.941855898769184, 77.56649043717887
1445240718816, 0.985214, 4.6363716, -8.291121, 67.56037, 12.941855898769184, 77.56649043717887
1445240718904, 1.4676456, 5.085284, -8.797494, 48.292118, 12.941855898769184, 77.56649043717887
1445240718991, 0.45848963, 6.147113, -8.647857, 23.253977, 12.941855898769184, 77.56649043717887
1445240719074, 0.6823475, 7.053318, -9.198523, 69.80689, 12.941855898769184, 77.56649043717887
1445240719161, 1.0881647, 3.1148565, -7.7907324, 244.2361, 12.941849283660941, 77.56647271965565
1445240719246, 2.3104045, 0.9648633, -6.903681, 4.788455, 12.941849283660941, 77.56647271965565
1445240719335, 2.0817583, 3.4560301, -7.599196, 176.06804, 12.941849283660941, 77.56647271965565
1445240719427, -1.1300632, 9.677363, -8.452729, 234.34552, 12.941849283660941, 77.56647271965565
1445240719508, -0.89543146, 8.905233, -9.224859, 161.68254, 12.941849283660941, 77.56647271965565
1445240719594, -0.45968673, 2.8060043, -4.2940006, 86.191284, 12.941849283660941, 77.56647271965565
1445240719674, 0.5303157, 1.62686, -2.955642, 141.87863, 12.941849283660941, 77.56647271965565
1445240719766, 2.9293058, 5.209783, -10.402806, 159.26645, 12.941849283660941, 77.56647271965565
1445240719849, 1.8219875, 6.281188, -14.45619, 492.6864, 12.941849283660941, 77.56647271965565
1445240719939, 1.6352397, 7.560889, -12.146982, 378.01782, 12.941849283660941, 77.56647271965565
1445240720030, 0.49440265, 4.394557, -7.025785, 89.45371, 12.941849283660941, 77.56647271965565
1445240720120, 1.3012487, 2.6408045, -5.3259015, 83.6641, 12.941849283660941, 77.56647271965565
1445240720209, 1.578976, 3.4392707, -6.9731126, 64.159294, 12.941833385556933, 77.5664552923767
1445240720292, 0.961272, 4.712986, -8.291121, 79.7586, 12.941833385556933, 77.5664552923767
1445240720375, 1.7202339, 5.4922986, -9.811439, 2.163462, 12.941833385556933, 77.5664552923767
1445240720458, 1.3682863, 5.1343656, -9.872491, 92.88351, 12.941833385556933, 77.5664552923767
1445240720540, 1.0235212, 4.2293572, -8.24204, 46.42405, 12.941833385556933, 77.5664552923767
1445240720627, 1.5143325, 4.537012, -7.979874, 121.9117, 12.941833385556933, 77.5664552923767
1445240720711, 0.9935937, 4.0857053, -7.3657618, 42.611134, 12.941833385556933, 77.5664552923767
1445240720795, 1.0354922, 5.005079, -7.9272017, 47.599075, 12.941833385556933, 77.5664552923767
1445240720879, 0.24899697, 5.434838, -7.3909006, 21.37678, 12.941833385556933, 77.5664552923767
1445240720962, 0.91099375, 6.8246717, -8.426393, 122.4504, 12.941833385556933, 77.5664552923767
1445240721046, 1.2437878, 5.7185507, -8.838196, 141.08693, 12.941833385556933, 77.5664552923767
1445240721133, 0.7589619, 5.046977, -7.4615297, 25.612366, 12.941833385556933, 77.5664552923767
1445240721218, 0.5327099, 6.131551, -7.7967176, 60.829563, 12.941824839504418, 77.5664320629428
1445240721302, 1.3156139, 5.734113, -8.176199, 0.712531, 12.941824839504418, 77.5664320629428
1445240721385, 1.0354922, 4.9775453, -7.9595237, 98.79687, 12.941824839504418, 77.5664320629428
1445240721470, 1.0498575, 4.8757915, -8.043321, 20.139414, 12.941824839504418, 77.5664320629428
1445240721559, 1.4640543, 5.595249, -8.717288, 51.650196, 12.941824839504418, 77.5664320629428
1445240721648, 0.664391, 5.068525, -7.7224975, 37.681515, 12.941824839504418, 77.5664320629428
1445240721740, 0.35194764, 5.380968, -7.1431007, 62.30072, 12.941824839504418, 77.5664320629428
1445240721834, 1.1839328, 4.2820296, -7.5692687, 74.52914, 12.941824839504418, 77.5664320629428
1445240721926, 0.7433996, 5.189432, -7.726089, 33.700985, 12.941824839504418, 77.5664320629428
1445240722014, 1.127669, 5.74369, -8.760384, 10.760393, 12.941824839504418, 77.5664320629428
1445240722095, 0.41299978, 5.341464, -7.837419, 23.942053, 12.941824839504418, 77.5664320629428
1445240722186, 1.4879963, 5.4623713, -8.495825, 59.06577, 12.941824839504418, 77.5664320629428
1445240722272, 0.24181437, 5.791574, -7.884106, 35.495426, 12.941824839504418, 77.5664320629428
1445240722353, 0.736217, 5.4204726, -8.070854, 7.832904, 12.941824839504418, 77.5664320629428
1445240722446, 0.37588966, 5.475539, -7.6267295, 14.931618, 12.941824839504418, 77.5664320629428
1445240722531, 0.46926352, 5.118803, -6.951565, 48.44733, 12.941824839504418, 77.5664320629428
1445240722615, 0.8535329, 5.6227827, -8.082825, 28.92988, 12.941824839504418, 77.5664320629428
1445240722698, 0.5746084, 5.9627595, -8.453926, 37.81086, 12.941824839504418, 77.5664320629428
1445240722782, 0.88944596, 5.6982, -8.358158, 17.181845, 12.941824839504418, 77.5664320629428
1445240722876, 0.6392518, 4.9895163, -7.6482773, 26.489117, 12.941824839504418, 77.5664320629428
1445240722960, 0.25258827, 5.3498435, -7.503428, 14.108704, 12.941824839504418, 77.5664320629428
1445240723052, 0.5722142, 6.3458314, -8.313866, 55.51385, 12.941824839504418, 77.5664320629428
1445240723135, 1.1468226, 5.3115363, -8.153454, 35.62791, 12.941824839504418, 77.5664320629428
1445240723231, 0.7158663, 6.0285997, -8.058883, 39.653976, 12.941819205665626, 77.56637367621711
1445240723315, 0.58418524, 5.09127, -7.615956, 74.53385, 12.941819205665626, 77.56637367621711
1445240723398, 0.5291186, 6.2392898, -8.494628, 26.13184, 12.941819205665626, 77.56637367621711
1445240723481, 0.61171854, 5.446809, -7.5465236, 28.35989, 12.941819205665626, 77.56637367621711
1445240723563, 1.1839328, 5.8921304, -7.8613615, 85.69485, 12.941819205665626, 77.56637367621711
1445240723646, 0.59974754, 6.645107, -7.9583263, 8.6537895, 12.941819205665626, 77.56637367621711
1445240723729, 0.40342298, 5.957971, -8.196549, 136.79062, 12.941819205665626, 77.56637367621711
1445240723809, 0.2693477, 5.2301335, -7.431602, 11.971086, 12.941819205665626, 77.56637367621711
1445240723903, 1.0761937, 5.1583076, -7.627927, 57.924232, 12.941819205665626, 77.56637367621711
1445240723985, 0.8655039, 5.5820813, -8.024167, 22.067049, 12.941819205665626, 77.56637367621711
1445240724067, 0.7326257, 5.5760956, -8.249222, 44.928185, 12.941819205665626, 77.56637367621711
1445240724156, 0.11851298, 6.1040173, -8.1797905, 1.862208, 12.941812751202306, 77.56633721025331
1445240724239, 0.5793968, 4.590882, -6.9743094, 18.461412, 12.941812751202306, 77.56633721025331
1445240724321, 0.92296475, 5.765238, -7.3885064, 134.60085, 12.941812751202306, 77.56633721025331
1445240724403, 0.7757214, 5.889736, -8.12233, 93.40351, 12.941812751202306, 77.56633721025331
1445240724485, 1.0498575, 5.2983685, -8.082825, 33.869045, 12.941812751202306, 77.56633721025331
1445240724565, 0.8643068, 5.401319, -7.467515, 65.76662, 12.941812751202306, 77.56633721025331
1445240724659, 0.9804256, 4.997896, -7.3202715, 14.900044, 12.941812751202306, 77.56633721025331
1445240724742, 0.5422867, 6.161478, -8.444349, 48.0283, 12.941812751202306, 77.56633721025331
1445240724823, 0.49320555, 6.203377, -8.437167, 0.0, 12.941812751202306, 77.56633721025331
1445240724906, 0.5650316, 5.243302, -7.359776, 22.78822, 12.941812751202306, 77.56633721025331
1445240724998, 0.3842694, 5.6096144, -7.4244194, 13.142047, 12.941812751202306, 77.56633721025331
1445240725089, 0.6703765, 4.4304705, -7.0664864, 58.802612, 12.941812751202306, 77.56633721025331
1445240725172, 0.7110779, 5.032612, -7.1347213, 69.229866, 12.941806999646245, 77.56630275916318
1445240725256, 0.39145198, 5.699397, -7.6650367, 21.804342, 12.941806999646245, 77.56630275916318
1445240725341, 0.5482722, 5.0038815, -7.523779, 46.757362, 12.941806999646245, 77.56630275916318
1445240725424, 0.1340753, 5.925649, -7.433996, 71.97029, 12.941806999646245, 77.56630275916318
1445240725518, -0.973243, 2.7401638, -4.036624, 95.258675, 12.941806999646245, 77.56630275916318
1445240725600, 1.7956513, 3.50152, -7.2831616, 34.599102, 12.941806999646245, 77.56630275916318
1445240725694, 1.2761095, 6.4344172, -8.783129, 97.168915, 12.941806999646245, 77.56630275916318
1445240725777, 0.47764325, 5.5389857, -7.872135, 94.325745, 12.941806999646245, 77.56630275916318
1445240725870, 0.33638534, 5.6239796, -8.443152, 67.44959, 12.941806999646245, 77.56630275916318
1445240725964, 0.29568392, 6.3697734, -7.7584105, 147.85472, 12.941806999646245, 77.56630275916318
1445240726059, 0.6715736, 5.153519, -7.9846625, 113.469894, 12.941806999646245, 77.56630275916318
1445240726141, -0.06703765, 5.717354, -8.280347, 57.373337, 12.941806999646245, 77.56630275916318
1445240726233, 0.32800564, 4.471172, -7.9691005, 58.052925, 12.941800158231533, 77.56628067330722
1445240726314, -0.24301147, 5.878962, -8.032547, 95.47239, 12.941800158231533, 77.56628067330722
1445240726395, 0.24540567, 5.580884, -7.666234, 68.72248, 12.941800158231533, 77.56628067330722
1445240726476, -0.15562311, 5.711368, -7.979874, 72.12156, 12.941800158231533, 77.56628067330722
1445240726558, -0.008379706, 5.9184666, -7.759608, 70.93924, 12.941800158231533, 77.56628067330722
1445240726650, 0.20949265, 5.6335564, -7.565677, 13.644362, 12.941800158231533, 77.56628067330722
1445240726732, 0.007182605, 5.9986725, -7.5788455, 18.248499, 12.941800158231533, 77.56628067330722
1445240726814, 0.15442601, 5.8454432, -7.7667904, 23.650076, 12.941800158231533, 77.56628067330722
1445240726898, 0.24779987, 5.7005944, -7.8793178, 19.759329, 12.941800158231533, 77.56628067330722
1445240726982, 0.5267244, 5.614403, -7.9511437, 14.393671, 12.941800158231533, 77.56628067330722
1445240727062, -0.033518825, 5.783194, -7.9906483, 53.20449, 12.941800158231533, 77.56628067330722
1445240727435, -0.0023942017, 5.5258174, -7.9236107, 4.268472, 12.941800158231533, 77.56628067330722
1445240727934, -0.04309563, 5.5497594, -7.669825, 4.7500243, 12.941800158231533, 77.56628067330722
1445240728025, 0.88944596, 5.1020436, -8.234857, 8.813837, 12.941800158231533, 77.56628067330722
1445240728108, 1.0522517, 4.8398786, -7.7787614, 42.980263, 12.941800158231533, 77.56628067330722
1445240728198, 1.1252748, 5.105635, -8.585608, 52.591763, 12.941783813997825, 77.56624106791952
1445240728283, 0.7469909, 4.759673, -8.591593, 85.90945, 12.941783813997825, 77.56624106791952
1445240728376, 1.1456255, 4.590882, -8.069656, 79.976555, 12.941783813997825, 77.56624106791952
1445240728820, 1.1923125, 4.76087, -7.991845, 6.6475406, 12.941783813997825, 77.56624106791952
1445240728905, 0.89184016, 5.2995653, -8.323442, 10.985206, 12.941783813997825, 77.56624106791952
1445240728986, 0.9876082, 5.2061915, -8.3150625, 1.330199, 12.941783813997825, 77.56624106791952
1445240729069, 0.8714894, 5.094861, -7.9846625, 12.256077, 12.941783813997825, 77.56624106791952
1445240729161, 1.0199299, 5.118803, -8.079233, 8.550738, 12.941783813997825, 77.56624106791952
1445240729253, 1.0726024, 5.2181625, -7.799112, 46.46809, 12.94177331609423, 77.56622905098028
1445240729334, 0.9660604, 5.4264584, -7.9188223, 2.216822, 12.94177331609423, 77.56622905098028
1445240729427, 0.7781156, 5.4049106, -7.9846625, 29.60564, 12.94177331609423, 77.56622905098028
1445240729522, 0.5602432, 5.5820813, -7.9631147, 2.016218, 12.94177331609423, 77.56622905098028
1445240729604, 0.5386954, 5.7424927, -7.9367785, 20.14631, 12.94177331609423, 77.56622905098028
1445240729697, 0.7673417, 5.4659624, -8.106767, 23.681755, 12.94177331609423, 77.56622905098028
1445240729781, 0.61411273, 5.032612, -8.208521, 80.980415, 12.94177331609423, 77.56622905098028
1445240729866, 1.1575965, 5.233725, -8.240842, 83.79717, 12.94177331609423, 77.56622905098028
1445240729951, 1.0773908, 5.505467, -7.856573, 67.74173, 12.94177331609423, 77.56622905098028
1445240730236, 0.9911995, 5.409699, -7.762002, 3.0662467, 12.94177331609423, 77.56622905098028
1445240730423, 0.8499416, 5.3857565, -7.78355, 10.040216, 12.94177331609423, 77.56622905098028
1445240730506, 1.0749966, 4.995502, -7.9966335, 45.03369, 12.941761506732792, 77.5662181596875
1445240730588, 0.47764325, 5.5581393, -7.751228, 25.693905, 12.941761506732792, 77.5662181596875
1445240730675, 0.6560113, 5.8909335, -8.220491, 4.815891, 12.941761506732792, 77.5662181596875
1445240730757, 1.067814, 6.3362546, -8.10557, 118.54206, 12.941761506732792, 77.5662181596875
1445240730850, 1.8219875, 4.38498, -7.313089, 43.507442, 12.941761506732792, 77.5662181596875
1445240730944, 1.7537527, 3.4943373, -6.915652, 60.369995, 12.941761506732792, 77.5662181596875
1445240731027, -0.18914193, 3.9827545, -8.561666, 369.10608, 12.941761506732792, 77.5662181596875
1445240731112, 0.6775591, 6.4392056, -8.343793, 421.55057, 12.941761506732792, 77.5662181596875
1445240731201, -0.03232172, 6.3470287, -7.4723034, 7.7145896, 12.94175293234925, 77.56619766240044
1445240731293, 0.7685388, 6.1399302, -5.946, 230.44193, 12.94175293234925, 77.56619766240044
1445240731375, 0.25139117, 7.0485296, -7.1730285, 103.1576, 12.94175293234925, 77.56619766240044
1445240731455, 0.17836803, 5.273229, -6.9946604, 206.16737, 12.94175293234925, 77.56619766240044
1445240731549, 0.34356794, 4.859032, -5.923255, 87.490234, 12.94175293234925, 77.56619766240044
1445240731632, 0.5770026, 6.337452, -7.6710224, 4.3268666, 12.94175293234925, 77.56619766240044
1445240731713, 1.3874398, 5.746084, -8.166622, 34.139538, 12.94175293234925, 77.56619766240044
1445240731797, 0.9684546, 5.913678, -8.4826565, 67.55068, 12.94175293234925, 77.56619766240044
1445240731881, 1.7345991, 5.781997, -8.309077, 97.35452, 12.94175293234925, 77.56619766240044
1445240731961, 1.1180922, 4.8003745, -8.280347, 193.75308, 12.94175293234925, 77.56619766240044
1445240732043, 1.0366893, 3.6607344, -8.511387, 179.26947, 12.94175293234925, 77.56619766240044
1445240732125, 1.0223241, 3.5649664, -8.400057, 0.14595869, 12.94175293234925, 77.56619766240044
1445240732215, 1.2808979, 3.9707835, -8.743625, 35.255245, 12.941746392975869, 77.56617118013423
1445240732298, 1.6280571, 4.935647, -9.404425, 78.46062, 12.941746392975869, 77.56617118013423
1445240732380, 1.1779473, 2.6755204, -8.045714, 164.82027, 12.941746392975869, 77.56617118013423
1445240732466, 2.1823149, 3.9133227, -8.548497, 204.63371, 12.941746392975869, 77.56617118013423
1445240732548, 0.8738836, 5.149928, -8.052897, 51.67973, 12.941746392975869, 77.56617118013423
1445240732633, 1.0989386, 5.1020436, -8.064868, 19.209274, 12.941746392975869, 77.56617118013423
1445240732717, 1.0007763, 5.056554, -8.593987, 80.09184, 12.941746392975869, 77.56617118013423
1445240732811, 0.5674258, 5.0876784, -8.279149, 9.2966, 12.941746392975869, 77.56617118013423
1445240732905, 0.36391866, 5.046977, -8.331821, 31.922657, 12.941746392975869, 77.56617118013423
1445240732995, 1.0402806, 4.997896, -8.177396, 85.901794, 12.941746392975869, 77.56617118013423
1445240733077, 0.973243, 4.903325, -8.182184, 20.29233, 12.941746392975869, 77.56617118013423
1445240733166, 0.80205756, 5.2397103, -8.48146, 15.064626, 12.941741783524176, 77.56614553713788
1445240733260, 0.9911995, 5.2600613, -8.263587, 45.95326, 12.941741783524176, 77.56614553713788
1445240733353, 0.8583213, 5.273229, -8.056489, 9.396564, 12.941741783524176, 77.56614553713788
1445240733433, 0.81043726, 4.9308586, -8.110358, 54.830032, 12.941741783524176, 77.56614553713788
1445240733515, 1.0630256, 4.9284644, -8.438364, 9.489176, 12.941741783524176, 77.56614553713788
1445240733596, 1.1815386, 4.736928, -8.51019, 17.882689, 12.941741783524176, 77.56614553713788
1445240733690, 1.2090719, 4.413711, -8.485051, 28.781384, 12.941741783524176, 77.56614553713788
1445240733772, 1.210269, 3.9755719, -8.133103, 10.36516, 12.941741783524176, 77.56614553713788
1445240733854, 1.5646108, 4.2916064, -8.038532, 94.43801, 12.941741783524176, 77.56614553713788
1445240733936, 1.6472107, 4.8099513, -8.59279, 5.6249547, 12.941741783524176, 77.56614553713788
1445240734019, 1.5382746, 4.3035774, -8.51857, 65.98659, 12.941741783524176, 77.56614553713788
1445240734101, 1.543063, 3.855862, -8.476671, 48.905933, 12.941741783524176, 77.56614553713788
1445240734187, 1.7393875, 4.0665517, -8.945934, 7.1550784, 12.941740541680437, 77.56613169836638
1445240734279, 1.8567034, 3.774459, -8.659827, 12.101091, 12.941740541680437, 77.56613169836638
1445240734362, 1.8962077, 4.214992, -8.513782, 76.35163, 12.941740541680437, 77.56613169836638
1445240734807, 1.7525556, 4.2437224, -8.479065, 1.7983176, 12.941740541680437, 77.56613169836638
1445240734892, 2.291251, 3.667917, -9.150639, 83.37447, 12.941740541680437, 77.56613169836638
1445240734973, 1.7513585, 3.5194764, -8.942344, 59.26403, 12.941740541680437, 77.56613169836638
1445240735054, 1.8315643, 3.8163576, -9.150639, 20.83849, 12.941740541680437, 77.56613169836638
1445240735142, 1.270124, 4.3718123, -8.725668, 47.611973, 12.941740541680437, 77.56613169836638
1445240735235, 1.7010803, 3.2393548, -8.069656, 4.8913236, 12.941740889648798, 77.56611721942474
1445240735327, 1.9680338, 3.3506854, -8.396465, 5.595062, 12.941740889648798, 77.56611721942474
1445240735408, 1.9381063, 4.4017396, -8.884883, 65.766556, 12.941740889648798, 77.56611721942474
1445240735503, 1.7286136, 3.845088, -8.641871, 55.652473, 12.941740889648798, 77.56611721942474
1445240735586, 2.042254, 3.1364043, -8.543709, 35.34294, 12.941740889648798, 77.56611721942474
1445240735672, 1.3587095, 4.1335893, -8.672996, 21.688686, 12.941740889648798, 77.56611721942474
1445240735765, 2.160767, 3.9492357, -8.911219, 40.37035, 12.941740889648798, 77.56611721942474
1445240735846, 1.3802572, 4.3993454, -9.097966, 63.845436, 12.941740889648798, 77.56611721942474
1445240735929, 1.9033904, 3.6020765, -8.826224, 0.2884003, 12.941740889648798, 77.56611721942474
1445240736010, 2.3678656, 3.7588966, -9.621099, 21.429533, 12.941740889648798, 77.56611721942474
1445240736094, 1.246182, 4.8698063, -9.458294, 18.099035, 12.941740889648798, 77.56611721942474
1445240736185, 1.2737153, 4.497508, -9.38168, 29.46707, 12.941736306192054, 77.56609609854998
1445240736279, 1.0307038, 6.6163764, -9.087193, 230.8877, 12.941736306192054, 77.56609609854998
1445240736361, 1.5598224, 2.790442, -6.7851677, 121.31598, 12.941736306192054, 77.56609609854998
1445240736443, 3.144784, 0.8690952, -5.8442464, 74.63408, 12.941736306192054, 77.56609609854998
1445240736524, 1.6160861, 4.794389, -8.005013, 29.114618, 12.941736306192054, 77.56609609854998
1445240736606, -0.91937345, 12.686874, -11.930307, 174.60149, 12.941736306192054, 77.56609609854998
1445240736686, 0.7685388, 8.395268, -10.684125, 167.59401, 12.941736306192054, 77.56609609854998
1445240736780, 0.82001406, 1.1803415, -2.3690627, 122.51174, 12.941736306192054, 77.56609609854998
1445240736861, -0.770933, -1.578976, -0.92895025, 359.27805, 12.941736306192054, 77.56609609854998
1445240736943, 4.4113164, 5.353435, -12.89517, 18.102491, 12.941736306192054, 77.56609609854998
1445240737024, 0.04309563, 4.3742065, -7.469909, 9.606444, 12.941736306192054, 77.56609609854998
1445240737105, 1.9656396, 4.132392, -7.7943234, 167.4463, 12.941736306192054, 77.56609609854998
1445240737194, 2.2469583, 5.804742, -8.880095, 97.516624, 12.94173227766185, 77.56607502678536
1445240737276, 1.5658079, 4.2173862, -8.008605, 170.36786, 12.94173227766185, 77.56607502678536
1445240737370, 1.8255788, 3.2249897, -6.8785415, 42.280643, 12.94173227766185, 77.56607502678536
1445240737452, 1.5801731, 2.9484594, -6.9467764, 71.972, 12.94173227766185, 77.56607502678536
1445240737534, 2.9879637, 4.5286326, -10.206482, 33.13925, 12.94173227766185, 77.56607502678536
1445240737615, 1.6112977, 5.0026846, -10.734404, 176.60942, 12.94173227766185, 77.56607502678536
1445240737696, 1.9668367, 4.1635165, -9.361329, 109.80806, 12.94173227766185, 77.56607502678536
1445240737778, 1.6400281, 4.471172, -8.635885, 87.19633, 12.94173227766185, 77.56607502678536
1445240737859, 0.7110779, 3.6272156, -7.3059063, 54.01553, 12.94173227766185, 77.56607502678536
1445240737941, 1.4676456, 3.098097, -7.6255326, 11.241145, 12.94173227766185, 77.56607502678536
1445240738061, 1.8243817, 3.228581, -8.498219, 32.122173, 12.94173227766185, 77.56607502678536
1445240738417, 2.5905263, 3.7660792, -9.217676, 16.409695, 12.94173227766185, 77.56607502678536
1445240738511, 1.2078748, 4.6698904, -8.589199, 15.918854, 12.941732908140343, 77.56605382735265
1445240738594, 1.6112977, 3.3638535, -7.8709383, 22.21119, 12.941732908140343, 77.56605382735265
1445240738675, 2.3594859, 3.9588125, -8.921992, 36.060898, 12.941732908140343, 77.56605382735265
1445240738758, 1.3587095, 4.214992, -8.043321, 16.350513, 12.941732908140343, 77.56605382735265
1445240738841, 1.1204864, 4.939238, -8.717288, 22.374336, 12.941732908140343, 77.56605382735265
1445240738922, 1.436521, 4.0821137, -8.275558, 12.266725, 12.941732908140343, 77.56605382735265
1445240739009, 0.82599956, 4.4364557, -7.181408, 96.31853, 12.941732908140343, 77.56605382735265
1445240739095, 1.2665327, 5.1942205, -8.39886, 2.2271621, 12.941732908140343, 77.56605382735265
1445240739190, 0.5530606, 5.1379566, -7.7213006, 9.702783, 12.941743192596523, 77.56602946265133
1445240739275, 0.89782566, 4.2664676, -7.57286, 44.503887, 12.941743192596523, 77.56602946265133
1445240739367, 1.055843, 5.2361193, -8.224083, 51.787575, 12.941743192596523, 77.56602946265133
1445240739461, 0.9876082, 4.4915223, -7.7907324, 40.37025, 12.941743192596523, 77.56602946265133
1445240739554, 0.8295909, 4.7141833, -7.6602483, 20.98145, 12.941743192596523, 77.56602946265133
1445240739648, 0.32680854, 5.4899044, -7.5213847, 44.279816, 12.941743192596523, 77.56602946265133
1445240739731, 0.80205756, 5.0661306, -7.61835, 5.415451, 12.941743192596523, 77.56602946265133
1445240739825, 0.90381116, 5.2397103, -8.282741, 41.834103, 12.941743192596523, 77.56602946265133
1445240739906, 1.1923125, 6.131551, -8.955511, 62.663113, 12.941743192596523, 77.56602946265133
1445240739999, 0.9504981, 4.607641, -7.615956, 45.337067, 12.941743192596523, 77.56602946265133
1445240740082, 0.4249708, 4.6375685, -7.4232225, 36.48999, 12.941743192596523, 77.56602946265133
1445240740168, 0.6512229, 5.1367598, -8.354567, 23.941994, 12.941755688803287, 77.56600133393289
1445240740263, 1.1779473, 5.3941364, -9.153033, 1.5283139, 12.941755688803287, 77.56600133393289
1445240740345, 0.50158525, 4.841076, -7.813477, 13.269057, 12.941755688803287, 77.56600133393289
1445240740426, 0.9780314, 5.04578, -7.893683, 74.19062, 12.941755688803287, 77.56600133393289
1445240740508, 1.6472107, 6.1004257, -8.990228, 77.44195, 12.941755688803287, 77.56600133393289
1445240740590, 0.50517654, 5.2804117, -8.366538, 161.24805, 12.941755688803287, 77.56600133393289
1445240740684, 0.34476504, 4.3754034, -7.6590514, 38.077984, 12.941755688803287, 77.56600133393289
1445240740765, 0.25139117, 5.237316, -8.616732, 23.350716, 12.941755688803287, 77.56600133393289
1445240740846, 1.3563153, 4.911705, -8.124723, 156.95325, 12.941755688803287, 77.56600133393289
1445240740938, 0.320823, 4.509479, -8.323442, 177.87352, 12.941755688803287, 77.56600133393289
1445240741024, 1.2018893, 4.8027687, -7.57286, 223.83003, 12.941755688803287, 77.56600133393289
1445240741108, 0.2693477, 4.997896, -7.967903, 136.44069, 12.941755688803287, 77.56600133393289
1445240741198, 0.9720459, 4.9943047, -8.153454, 57.06178, 12.941773054637153, 77.56597153577964
1445240741283, 0.5231331, 5.619191, -8.207323, 14.3652525, 12.941773054637153, 77.56597153577964
1445240741367, 1.2234371, 5.052963, -8.443152, 11.971081, 12.941773054637153, 77.56597153577964
1445240741449, 0.36032736, 5.1200004, -8.037335, 47.592068, 12.941773054637153, 77.56597153577964
1445240741530, 1.2629414, 5.5485625, -8.474277, 110.3994, 12.941773054637153, 77.56597153577964
1445240741624, 0.47165772, 4.653131, -7.916428, 121.38357, 12.941773054637153, 77.56597153577964
1445240741705, 0.08379706, 5.9292407, -7.7667904, 128.13416, 12.941773054637153, 77.56597153577964
1445240741787, 0.80445176, 4.4999022, -7.752425, 84.67302, 12.941773054637153, 77.56597153577964
1445240741868, 0.4321534, 5.6215854, -8.040926, 56.89927, 12.941773054637153, 77.56597153577964
1445240741949, 0.6703765, 6.242881, -9.566033, 81.169426, 12.941773054637153, 77.56597153577964
1445240742031, 0.9648633, 4.8255134, -8.265982, 21.60619, 12.941773054637153, 77.56597153577964
1445240742116, 0.4165911, 5.589264, -8.161834, 38.050755, 12.941773054637153, 77.56597153577964
1445240742202, 0.7721301, 5.386954, -7.9750857, 39.077793, 12.941787914927248, 77.56593495288178
1445240742292, 0.35314476, 4.757279, -6.8007298, 13.966189, 12.941787914927248, 77.56593495288178
1445240742384, 1.0115502, 5.345055, -7.666234, 41.37801, 12.941787914927248, 77.56593495288178
1445240742465, 0.7625532, 5.412093, -8.210915, 89.70861, 12.941787914927248, 77.56593495288178
1445240742547, -0.073023155, 5.390545, -7.466318, 13.892327, 12.941787914927248, 77.56593495288178
1445240742628, 0.022744916, 5.1475334, -7.451953, 16.204672, 12.941787914927248, 77.56593495288178
1445240742722, 0.40102878, 4.724957, -7.417237, 1.0188082, 12.941787914927248, 77.56593495288178
1445240742804, 0.80086046, 4.5178585, -7.7069354, 11.825038, 12.941787914927248, 77.56593495288178
1445240742898, 1.2737153, 5.979519, -8.968679, 71.57138, 12.941787914927248, 77.56593495288178
1445240742991, 0.28491, 6.1566896, -8.536526, 41.247868, 12.941787914927248, 77.56593495288178
1445240743072, 0.1340753, 7.351396, -9.362526, 26.569715, 12.941787914927248, 77.56593495288178
1445240743161, 2.019509, 1.4784195, -6.585252, 135.98528, 12.941801945843602, 77.56589430881809
1445240743255, 3.0095115, -0.60453594, -5.683835, 20.376165, 12.941801945843602, 77.56589430881809
1445240743349, -3.4835634, 15.901091, -10.623073, 539.7143, 12.941801945843602, 77.56589430881809
1445240743431, -0.8607155, 4.96318, -7.195773, 596.06866, 12.941801945843602, 77.56589430881809
1445240743524, 1.7585411, -1.067814, -1.484405, 247.27211, 12.941801945843602, 77.56589430881809
1445240743607, 1.520318, 3.2393548, -8.603564, 367.49557, 12.941801945843602, 77.56589430881809
1445240743700, 2.6874914, 5.04578, -12.996924, 152.66255, 12.941801945843602, 77.56589430881809
1445240744080, 2.4779987, 5.579687, -12.727576, 15.625326, 12.941801945843602, 77.56589430881809
1445240744165, 2.2732944, 5.9567738, -12.5264635, 43.9406, 12.941801945843602, 77.56589430881809
1445240744258, 0.8475474, 6.0321913, -8.50181, 287.56174, 12.941816908592592, 77.56585011979978
1445240744349, 0.50996494, 6.1542954, -8.524555, 26.178465, 12.941816908592592, 77.56585011979978
1445240744431, -0.016759412, 5.056554, -7.430405, 64.67261, 12.941816908592592, 77.56585011979978
1445240744523, 1.1911154, 5.5581393, -7.9786773, 126.2161, 12.941816908592592, 77.56585011979978
1445240744607, 0.8583213, 6.8689647, -9.569624, 72.96613, 12.941816908592592, 77.56585011979978
1445240744688, 0.7445967, 4.64116, -8.263587, 127.83852, 12.941816908592592, 77.56585011979978
1445240744769, 0.6691794, 5.446809, -7.675811, 162.71698, 12.941816908592592, 77.56585011979978
1445240744864, 1.2210429, 6.4487824, -9.604341, 39.44126, 12.941816908592592, 77.56585011979978
1445240744946, 0.62728083, 4.771644, -8.049306, 87.30074, 12.941816908592592, 77.56585011979978
1445240745027, 0.82480246, 4.2521024, -7.419631, 37.982082, 12.941816908592592, 77.56585011979978
1445240745122, 1.4221559, 5.7137623, -8.969876, 53.554535, 12.941816908592592, 77.56585011979978
1445240745210, 0.33997664, 5.0601454, -8.190564, 108.691345, 12.941816908592592, 77.56585011979978
1445240745301, -0.40462008, 5.3833623, -6.8306575, 104.28079, 12.941816908592592, 77.56585011979978
1445240745381, 0.533907, 5.2026005, -8.045714, 56.455753, 12.941816908592592, 77.56585011979978
1445240745475, 0.6919243, 4.8267107, -7.8853035, 6.1786814, 12.941816908592592, 77.56585011979978
1445240745568, 0.82001406, 5.4791307, -7.8649526, 88.00664, 12.941816908592592, 77.56585011979978
1445240745646, 0.92296475, 5.3725886, -7.776367, 10.493067, 12.941816908592592, 77.56585011979978
1445240745740, 0.44891283, 5.377377, -7.6410947, 35.530964, 12.941816908592592, 77.56585011979978
1445240745822, 0.31364042, 3.8845923, -6.4224463, 49.927933, 12.941816908592592, 77.56585011979978
1445240745905, 0.010773907, 5.4743423, -6.977901, 88.123985, 12.941816908592592, 77.56585011979978
1445240745988, 1.4197617, 5.0038815, -7.9834657, 8.175373, 12.941816908592592, 77.56585011979978
1445240746083, 0.61291564, 5.898116, -7.315483, 79.51275, 12.941816908592592, 77.56585011979978
1445240746172, 1.6496049, 5.729325, -9.184157, 111.197365, 12.941847298637798, 77.56575775326155
1445240746254, -0.5243302, 6.0764837, -7.5704656, 25.985882, 12.941847298637798, 77.56575775326155
1445240746336, 1.3706805, 5.7257333, -8.423999, 84.23497, 12.941847298637798, 77.56575775326155
1445240746790, 1.2677298, 5.333084, -8.177396, 5.48451, 12.941847298637798, 77.56575775326155
1445240746883, 0.46806642, 6.063316, -8.067263, 4.4241157, 12.941847298637798, 77.56575775326155
1445240746965, 0.046686932, 5.261258, -7.345411, 60.43193, 12.941847298637798, 77.56575775326155
1445240747059, 0.049081136, 5.8574142, -7.6985555, 26.106985, 12.941847298637798, 77.56575775326155
1445240747156, 0.21068975, 5.7005944, -7.715315, 1.2341233, 12.941847298637798, 77.56575775326155
1445240747244, 0.21667525, 5.865794, -7.4866686, 45.43543, 12.941860522608957, 77.56571015627901
1445240747329, 0.39264908, 6.4990606, -7.751228, 64.080124, 12.941860522608957, 77.56571015627901
1445240747411, 0.20231004, 6.289568, -7.553706, 24.976553, 12.941860522608957, 77.56571015627901
1445240747491, 0.5662287, 6.4392056, -7.868544, 24.533154, 12.941860522608957, 77.56571015627901
1445240747583, 0.51235914, 6.244078, -7.787141, 18.416866, 12.941860522608957, 77.56571015627901
1445240747675, 0.58777654, 5.639542, -7.711724, 48.78516, 12.941860522608957, 77.56571015627901
1445240747763, 0.6368576, 4.7429137, -8.154651, 148.3304, 12.941860522608957, 77.56571015627901
1445240747855, 0.3854665, 4.27365, -7.86615, 46.46814, 12.941860522608957, 77.56571015627901
1445240747939, 0.56982, 3.9228995, -7.5764513, 14.678751, 12.941860522608957, 77.56571015627901
1445240748026, 1.1228806, 5.0781016, -7.835025, 166.6309, 12.941860522608957, 77.56571015627901
1445240748110, 1.1899183, 5.4061074, -8.945934, 85.22215, 12.941860522608957, 77.56571015627901
1445240748197, 1.3718776, 4.8362875, -8.880095, 37.44425, 12.941873676799437, 77.56566228412768
1445240748279, 1.0390835, 4.947618, -8.342596, 38.076424, 12.941873676799437, 77.56566228412768
1445240748373, 1.5263035, 5.0481744, -8.747216, 19.694296, 12.941873676799437, 77.56566228412768
1445240748456, 1.448492, 4.841076, -9.130288, 80.47965, 12.941873676799437, 77.56566228412768
1445240748536, 0.9720459, 4.5513773, -8.710106, 42.711422, 12.941873676799437, 77.56566228412768
1445240748630, 1.2258313, 4.6950297, -9.2069025, 10.683716, 12.941873676799437, 77.56566228412768
1445240748711, 1.6699557, 4.449624, -8.334216, 132.27228, 12.941873676799437, 77.56566228412768
1445240748795, 1.6591818, 5.779603, -8.974665, 79.853676, 12.941873676799437, 77.56566228412768
1445240748876, 1.6436194, 5.66947, -9.24521, 48.91855, 12.941873676799437, 77.56566228412768
1445240748971, 1.5729905, 4.6459484, -8.880095, 76.74056, 12.941873676799437, 77.56566228412768
1445240749066, 0.973243, 5.3941364, -8.591593, 45.993904, 12.941873676799437, 77.56566228412768
1445240749152, 1.5801731, 4.6806645, -8.313866, 19.90529, 12.941873676799437, 77.56566228412768
1445240749235, 0.5686229, 5.663484, -8.1343, 18.172895, 12.941883500408517, 77.56561654374991
1445240749318, 0.59376204, 5.195418, -8.028955, 40.672604, 12.941883500408517, 77.56561654374991
1445240749400, 1.1587936, 4.8614264, -8.11395, 18.030333, 12.941883500408517, 77.56561654374991
1445240749480, 0.5315128, 5.723339, -8.374918, 3.251323, 12.941883500408517, 77.56561654374991
1445240749573, 1.3096284, 4.8482585, -8.714894, 46.982918, 12.941883500408517, 77.56561654374991
1445240749654, 0.9708488, 6.06571, -8.9124155, 84.092766, 12.941883500408517, 77.56561654374991
1445240749738, 0.6871359, 4.5358152, -7.6889787, 71.10493, 12.941883500408517, 77.56561654374991
1445240749822, 0.61890113, 5.4432178, -8.480263, 5.633354, 12.941883500408517, 77.56561654374991
1445240749904, 0.1352724, 4.950012, -7.6363063, 16.204556, 12.941883500408517, 77.56561654374991
1445240749987, 0.49919105, 5.031415, -7.487866, 71.53758, 12.941883500408517, 77.56561654374991
1445240750068, 0.1436521, 5.3019595, -7.4615297, 7.2417436, 12.941883500408517, 77.56561654374991
1445240750151, 0.9636662, 5.4803276, -8.2276745, 28.321627, 12.941883500408517, 77.56561654374991
1445240750232, 0.80205756, 5.354632, -8.263587, 39.41664, 12.941890878992044, 77.56557606946984
1445240750314, 0.6631939, 5.509058, -7.747637, 64.81857, 12.941890878992044, 77.56557606946984
1445240750395, 0.6607997, 5.1762643, -7.8948803, 59.559433, 12.941890878992044, 77.56557606946984
1445240750476, 0.23702596, 5.409699, -7.4866686, 26.897854, 12.941890878992044, 77.56557606946984
1445240750557, 0.5722142, 5.6299653, -7.349002, 85.57049, 12.941890878992044, 77.56557606946984
1445240750651, 0.6955156, 5.4288526, -7.9128366, 68.2602, 12.941890878992044, 77.56557606946984
1445240750733, 0.51714754, 5.6826377, -7.9547353, 4.0875993, 12.941890878992044, 77.56557606946984
1445240750815, 0.93134445, 5.391742, -8.028955, 6.059423, 12.941890878992044, 77.56557606946984
1445240750897, 0.31603462, 6.1327477, -8.14268, 1.4422313, 12.941890878992044, 77.56557606946984
1445240750991, 0.770933, 5.7628436, -7.8984714, 35.02166, 12.941890878992044, 77.56557606946984
1445240751085, 0.4321534, 5.4204726, -7.7667904, 58.4542, 12.941890878992044, 77.56557606946984
1445240751174, 0.62129533, 5.6060233, -7.358579, 87.966705, 12.941894897772096, 77.56553793370892
1445240751265, 0.7781156, 5.436035, -7.831434, 54.0025, 12.941894897772096, 77.56553793370892
1445240751704, 0.7661445, 5.245696, -7.835025, 4.6795607, 12.941894897772096, 77.56553793370892
1445240751789, -0.1436521, 6.242881, -6.9970546, 108.86574, 12.941894897772096, 77.56553793370892
1445240751872, 0.4405331, 6.4164605, -7.762002, 0.8759266, 12.941894897772096, 77.56553793370892
1445240751953, 0.29448682, 6.0345855, -8.166622, 113.72462, 12.941894897772096, 77.56553793370892
1445240752036, -0.48243165, 5.019444, -7.6626425, 157.08296, 12.941894897772096, 77.56553793370892
1445240752119, -0.32800564, 5.1140146, -7.645883, 32.018753, 12.941894897772096, 77.56553793370892
1445240752206, -0.5793968, 5.925649, -7.848193, 40.674267, 12.941906777894909, 77.56548936313786
1445240752300, 0.15801731, 5.6910176, -7.7967176, 58.9636, 12.941906777894909, 77.56548936313786
1445240752425, 0.7422025, 6.4463882, -8.101978, 82.743645, 12.941906777894909, 77.56548936313786
1445240752517, -0.12090719, 6.279991, -7.9236107, 93.53177, 12.941906777894909, 77.56548936313786
1445240752718, 0.12689269, 6.211756, -8.128315, 1.2445214, 12.941906777894909, 77.56548936313786
1445240753047, 0.4213795, 5.8023477, -7.747637, 8.077708, 12.941906777894909, 77.56548936313786
1445240753129, 0.15442601, 6.6067996, -8.355764, 8.613307, 12.941906777894909, 77.56548936313786
1445240753222, 0.2705448, 5.8837504, -7.441179, 33.440796, 12.941904631389551, 77.5654653736534
1445240753303, -0.58298814, 5.410896, -7.855376, 212.26645, 12.941904631389551, 77.5654653736534
1445240753397, -0.89902276, 4.8973393, -7.177817, 16.173658, 12.941904631389551, 77.5654653736534
1445240753491, -0.03232172, 5.7269306, -7.5932107, 136.26575, 12.941904631389551, 77.5654653736534
1445240753585, -1.0941502, 9.148245, -4.3897686, 591.8008, 12.941904631389551, 77.5654653736534
1445240753668, 1.1432313, 4.382586, -5.106832, 395.7733, 12.941904631389551, 77.5654653736534
1445240753757, 0.46806642, 7.4746976, -5.0840874, 271.07678, 12.941904631389551, 77.5654653736534
1445240753839, -0.47644615, 6.921637, -5.493496, 235.42981, 12.941904631389551, 77.5654653736534
1445240753924, -0.46327803, 7.562086, -5.866991, 32.572357, 12.941904631389551, 77.5654653736534
1445240754005, -0.88944596, 7.884106, -5.841852, 9.754205, 12.941904631389551, 77.5654653736534
1445240754098, -1.0773908, 7.3992805, -5.4659624, 31.922657, 12.941904631389551, 77.5654653736534
1445240754189, -1.0019734, 7.0066314, -6.1507044, 111.33046, 12.941899433027887, 77.56544041692942
1445240754272, -0.06464344, 7.016208, -6.4858923, 72.82371, 12.941899433027887, 77.56544041692942
1445240754355, 0.20949265, 7.2221093, -6.381745, 70.38369, 12.941899433027887, 77.56544041692942
1445240754439, 0.44651863, 7.1754227, -7.2328835, 78.66661, 12.941899433027887, 77.56544041692942
1445240754533, 0.61770403, 6.787562, -6.5804634, 46.355827, 12.941899433027887, 77.56544041692942
1445240754627, -1.411382, 5.21098, -8.608353, 605.75885, 12.941899433027887, 77.56544041692942
1445240754707, 0.5434838, 6.6044054, -7.0365586, 607.4179, 12.941899433027887, 77.56544041692942
1445240754800, -0.01436521, 8.137892, -5.828684, 234.78625, 12.941899433027887, 77.56544041692942
1445240754894, 0.88944596, 5.9843073, -6.393716, 193.06442, 12.941899433027887, 77.56544041692942
1445240754979, -0.08619126, 7.3190746, -6.7492547, 0.4225338, 12.941899433027887, 77.56544041692942
1445240755064, 0.19153613, 6.2967505, -6.567295, 66.19263, 12.941899433027887, 77.56544041692942
1445240755153, -0.40940848, 6.703765, -6.8222775, 51.0128, 12.941899414299309, 77.56544032889164
1445240755234, -1.4257472, 10.056845, -4.5801077, 558.4038, 12.941899414299309, 77.56544032889164
1445240755316, -1.9273324, 7.475895, -6.1507044, 574.4607, 12.941899414299309, 77.56544032889164
1445240755401, -0.79128367, 7.2484455, -6.157887, 104.8159, 12.941899414299309, 77.56544032889164
1445240755484, 1.3874398, 6.6163764, -7.398083, 36.922707, 12.941899414299309, 77.56544032889164
1445240755566, -0.130484, 7.1670427, -7.8505874, 173.1416, 12.941899414299309, 77.56544032889164
1445240755648, 0.1364695, 6.2512608, -6.76362, 54.09123, 12.941899414299309, 77.56544032889164
1445240755732, -1.0570401, 6.5122285, -6.715736, 105.316414, 12.941899414299309, 77.56544032889164
1445240755815, -1.9165585, 7.301118, -7.7081323, 126.5506, 12.941899414299309, 77.56544032889164
1445240755907, 1.2401965, 7.2747817, -7.16824, 403.33093, 12.941899414299309, 77.56544032889164
1445240755990, -5.699397, 7.323863, -7.6494746, 888.16235, 12.941899414299309, 77.56544032889164
1445240756073, -3.954024, 9.384073, -6.505046, 596.38696, 12.941899414299309, 77.56544032889164
1445240756153, -2.0913353, 4.938041, -3.918111, 0.4433997, 12.94189941431476, 77.56544032781693
1445240756246, -2.956839, 14.725537, -5.422867, 797.5523, 12.94189941431476, 77.56544032781693
1445240756341, -1.5562311, 12.063186, 4.724957, 935.3767, 12.94189941431476, 77.56544032781693
1445240756423, -2.6276364, 10.957064, 0.4237737, 799.8407, 12.94189941431476, 77.56544032781693
1445240756515, -0.5590461, 9.66659, 5.66947, 647.72174, 12.94189941431476, 77.56544032781693
1445240756611, -2.2625206, 7.4136457, 9.340978, 29.678246, 12.94189941431476, 77.56544032781693
1445240756694, -1.8471266, 5.368997, 8.269572, 325.38068, 12.94189941431476, 77.56544032781693
1445240756775, -2.2948422, 5.0625396, 6.6762314, 289.8165, 12.94189941431476, 77.56544032781693
1445240756856, -1.9129672, 4.7536874, 6.963536, 44.484848, 12.94189941431476, 77.56544032781693
1445240756950, -1.4329298, 4.012682, 8.167819, 100.352615, 12.94189941431476, 77.56544032781693
1445240757044, -2.066196, 4.531027, 6.657078, 178.64427, 12.94189941431476, 77.56544032781693
1445240757139, -1.6903064, 5.699397, 7.7224975, 266.2939, 12.94189941431476, 77.56544032781693
1445240757227, -0.6667852, 5.2002063, 7.5920134, 44.75534, 12.941900848177028, 77.56543360900277
1445240757320, -0.49200845, 7.7967176, 10.08318, 565.8553, 12.941900848177028, 77.56543360900277
1445240757406, -1.9656396, 4.5274353, 8.298303, 767.9755, 12.941900848177028, 77.56543360900277
1445240757490, -1.459266, 5.3282957, 10.023325, 356.736, 12.941900848177028, 77.56543360900277
1445240757574, -1.3335704, 5.3282957, 7.884106, 242.59314, 12.941900848177028, 77.56543360900277
1445240757660, -1.6783354, 4.7201686, 8.237251, 69.738045, 12.941900848177028, 77.56543360900277
1445240757751, -1.401805, 4.8362875, 8.48146, 69.98439, 12.941900848177028, 77.56543360900277
1445240757832, -1.9488802, 5.0721164, 8.986636, 23.942053, 12.941900848177028, 77.56543360900277
1445240757953, -1.4053963, 4.823119, 9.308656, 64.89533, 12.941900848177028, 77.56543360900277
1445240758010, -1.2198458, 4.947618, 8.076839, 109.73419, 12.941900848177028, 77.56543360900277
1445240758103, -2.992752, 5.3594203, 9.560047, 13.129532, 12.941900848177028, 77.56543360900277
1445240758193, -3.2489316, 4.787206, 7.491457, 325.50378, 12.941900854823091, 77.56543359052594
1445240758276, -2.5785553, 4.3634324, 8.595184, 160.75362, 12.941900854823091, 77.56543359052594
1445240758358, -3.2680852, 5.1822495, 7.5584946, 110.658844, 12.941900854823091, 77.56543359052594
1445240758439, -3.9707835, 5.8107276, 7.538144, 11.675387, 12.941900854823091, 77.56543359052594
1445240758521, -4.3382936, 5.4779334, 8.14268, 11.67908, 12.941900854823091, 77.56543359052594
1445240758612, -5.16549, 5.602432, 8.349778, 54.461563, 12.941900854823091, 77.56543359052594
1445240758697, -1.8016368, 4.259285, 6.5864487, 30.64008, 12.941900854823091, 77.56543359052594
1445240758784, -3.2393548, 5.407305, 8.012196, 130.58026, 12.941900854823091, 77.56543359052594
1445240758873, -3.1723173, 4.7644615, 8.070854, 58.10641, 12.941900854823091, 77.56543359052594
1445240758961, -3.083732, 5.0745106, 8.516175, 94.82652, 12.941900854823091, 77.56543359052594
1445240759049, -3.0573955, 5.2061915, 8.08881, 30.607744, 12.941900854823091, 77.56543359052594
1445240759139, -3.0298622, 5.177461, 7.8050976, 31.656637, 12.94190085487886, 77.56543359038315
1445240759227, -3.1495724, 5.380968, 7.860164, 15.7800045, 12.94190085487886, 77.56543359038315
1445240759319, -3.1160536, 5.4204726, 7.916428, 14.20739, 12.94190085487886, 77.56543359038315
1445240759413, -3.0334535, 5.366603, 7.4256167, 48.6401, 12.94190085487886, 77.56543359038315
1445240759506, -3.0873232, 5.5162406, 7.5824366, 27.159979, 12.94190085487886, 77.56543359038315
1445240759588, -3.132813, 5.7544637, 7.358579, 3.7955656, 12.94190085487886, 77.56543359038315
1445240760038, -3.0777464, 5.7257333, 7.3885064, 1.2502881, 12.94190085487886, 77.56543359038315
