1445240650649, -0.24899697, 2.4899697, 9.77792, 8.316188E-8, 12.94022892, 77.56617842
1445240650667, -0.19153613, 2.3942018, 9.56723, 30.740337, 12.94022892, 77.56617842
1445240650748, -0.10534488, 1.1875241, 9.921572, 94.58589, 12.94022892, 77.56617842
1445240650836, -0.1436521, 1.7621324, 9.730036, 39.177914, 12.94022892, 77.56617842
1445240650928, -0.05746084, 1.541866, 10.323798, 49.966007, 12.94022892, 77.56617842
1445240651009, -0.05746084, 1.5514427, 10.160992, 18.91725, 12.94022892, 77.56617842
1445240651091, 0.05746084, 1.283292, 9.461885, 103.943405, 12.94022892, 77.56617842
1445240651179, 0.047884032, 1.1300632, 9.768343, 16.324087, 12.94022892, 77.56617842
1445240651264, 0.25857377, 1.1492168, 9.490616, 5.63341, 12.94022892, 77.56617842
1445240651350, 0.4309563, 1.2737153, 10.160992, 112.4718, 12.94022892, 77.56617842
1445240651440, 0.35434186, 1.541866, 9.80665, 18.292652, 12.94022892, 77.56617842
1445240651529, 0.0, 1.9536686, 10.141838, 43.627632, 12.94039203, 77.56596795
1445240651615, 0.1436521, 1.7621324, 9.643845, 63.47412, 12.94039203, 77.56596795
1445240651706, -0.06703765, 2.0494366, 9.911995, 38.30719, 12.94039203, 77.56596795
1445240651791, -0.7469909, 2.3750482, 8.887277, 160.35579, 12.94039203, 77.56596795
1445240651877, -2.3558946, 1.2449849, 9.279925, 272.82764, 12.94039203, 77.56596795
1445240651960, -1.6663644, 1.7717092, 10.43872, 286.15054, 12.94039203, 77.56596795
1445240652048, -1.532289, 1.1587936, 9.404425, 171.94716, 12.94039203, 77.56596795
1445240652137, -1.2066777, 2.2218192, 8.599973, 66.38473, 12.94039203, 77.56596795
1445240652224, -2.5570073, 1.5514427, 8.437167, 248.12633, 12.94039203, 77.56596795
1445240652309, -0.17238252, 3.9073372, 9.662998, 710.2797, 12.94039203, 77.56596795
1445240652389, -0.19153613, 2.6048915, 11.57836, 73.30389, 12.94039203, 77.56596795
1445240652470, -1.2066777, 2.4995465, 9.710882, 368.8845, 12.94039203, 77.56596795
1445240652553, -0.59376204, 3.6487634, 8.552089, 72.69135, 12.94033504, 77.56601875
1445240652649, 0.9576807, 3.2752678, 9.988609, 272.3404, 12.94033504, 77.56601875
1445240652740, -0.21068975, 2.2026656, 10.314221, 210.47916, 12.94033504, 77.56601875
1445240652828, -2.2697031, 3.715801, 9.270349, 180.65356, 12.94033504, 77.56601875
1445240652916, -1.2354081, 4.1371803, 11.099519, 373.27777, 12.94033504, 77.56601875
1445240652999, -2.2505496, 3.3997664, 9.433155, 411.918, 12.94033504, 77.56601875
1445240653088, -0.9768343, 3.371036, 9.835381, 185.07968, 12.94033504, 77.56601875
1445240653172, -2.7389667, 2.384625, 8.829816, 446.9176, 12.94033504, 77.56601875
1445240653254, 0.7661445, 4.501099, 7.690176, 546.57874, 12.94033504, 77.56601875
1445240653340, -1.934515, 3.3518825, 11.702858, 18.930935, 12.94033504, 77.56601875
1445240653422, 5.3821654, 4.0318356, 12.861651, 1116.5156, 12.94033504, 77.56601875
1445240653506, -2.882619, 3.5625722, 8.274361, 1585.8737, 12.94024327, 77.56607608
1445240653591, 0.38307226, 2.72939, 9.385271, 421.8356, 12.94024327, 77.56607608
1445240653678, -1.7908629, 4.31914, 11.473015, 172.82277, 12.94024327, 77.56607608
1445240653766, 0.9768343, 2.2218192, 9.490616, 149.09354, 12.94024327, 77.56607608
1445240653850, 1.8674773, 1.091756, 9.797073, 7.886774, 12.94024327, 77.56607608
1445240653941, 1.4556746, 3.9360676, 8.6574335, 142.07347, 12.94024327, 77.56607608
1445240654028, 2.336741, 3.4093432, 9.442732, 132.51627, 12.94024327, 77.56607608
1445240654118, 2.3558946, 6.8282633, 6.0525417, 5.2619767, 12.94024327, 77.56607608
1445240654205, 4.0701427, 7.699753, 8.178593, 541.58496, 12.94024327, 77.56607608
1445240654286, 5.755661, 4.8937483, 10.01734, 88.67406, 12.94024327, 77.56607608
1445240654374, 4.663905, 4.367024, 9.251195, 270.98016, 12.94024327, 77.56607608
1445240654463, 2.1068976, 5.6215854, 7.795521, 313.42273, 12.94024327, 77.56607608
1445240654544, 2.4037786, 5.353435, 6.6079965, 141.31633, 12.94031259, 77.56601236
1445240654628, 7.297527, 3.265691, 2.719813, 130.3829, 12.94031259, 77.56601236
1445240654718, -0.90979666, 9.088389, 6.0238113, 101.03001, 12.94031259, 77.56601236
1445240654805, 4.8458643, 7.3549876, 7.651869, 649.46155, 12.94031259, 77.56601236
1445240654892, 6.301539, 2.5761611, 9.595961, 160.35596, 12.94031259, 77.56601236
1445240654981, 0.41180268, 5.8801594, 13.972561, 198.98466, 12.94031259, 77.56601236
1445240655068, 1.2449849, 6.4547677, 7.3549876, 598.8255, 12.94031259, 77.56601236
1445240655157, 3.7828386, 3.0933087, 9.615114, 163.24092, 12.94031259, 77.56601236
1445240655238, 4.232949, 4.1180267, 10.419566, 277.96106, 12.94031259, 77.56601236
1445240655325, 2.6431987, 1.8100165, 9.251195, 582.31384, 12.94031259, 77.56601236
1445240655415, 2.2505496, 2.1164744, 9.80665, 52.140343, 12.94031259, 77.56601236
1445240655506, 3.86903, -0.8523358, 9.3661175, 196.79803, 12.94033092, 77.56600413
1445240655588, 4.4915223, 1.9632454, 10.67814, 579.28, 12.94033092, 77.56600413
1445240655678, 1.0055647, 5.841852, 8.341399, 216.0101, 12.94033092, 77.56600413
1445240655766, 0.47884035, -1.532289, 9.069236, 815.1169, 12.94033092, 77.56600413
1445240655854, 7.4986396, 1.0630256, 7.8912888, 958.76904, 12.94033092, 77.56600413
1445240655944, 3.7828386, 1.532289, 9.279925, 206.43346, 12.94033092, 77.56600413
1445240656025, 4.5298295, 2.1452048, 7.9583263, 4.7294, 12.94033092, 77.56600413
1445240656108, 6.7229185, 2.4420857, 7.6135616, 261.61053, 12.94033092, 77.56600413
1445240656195, 3.6870706, 3.3901896, 7.795521, 216.5665, 12.94033092, 77.56600413
1445240656297, 3.8402996, 2.6623523, 7.642292, 71.356575, 12.94033092, 77.56600413
1445240656475, 4.060566, 2.9400797, 7.9870567, 47.345966, 12.94033092, 77.56600413
1445240656647, 4.223372, 4.012682, 8.207323, 84.63222, 12.94033092, 77.56600413
1445240656809, 4.2999864, 4.357447, 8.274361, 30.149178, 12.94033092, 77.56600413
1445240656980, 3.8881836, 4.31914, 7.9870567, 43.12362, 12.94033092, 77.56600413
1445240657135, 3.3806129, 4.5681367, 7.728483, 33.364357, 12.94033092, 77.56600413
1445240657221, 9.605537, 3.3806129, 1.2737153, 166.74901, 12.94028526, 77.56599045
1445240657304, 8.743625, 3.1890767, -1.1971009, 419.5554, 12.94028526, 77.56599045
1445240657392, 9.481039, 5.506664, -1.484405, 314.51105, 12.94028526, 77.56599045
1445240657473, 7.97748, 4.0222588, -0.19153613, 209.271, 12.94027561, 77.56599613
1445240657559, 8.274361, 4.10845, -0.32561144, 28.953129, 12.94027561, 77.56599613
1445240657649, 7.9870567, 4.8267107, -1.2354081, 53.204395, 12.94027561, 77.56599613
1445240657742, 6.3206925, 7.7189064, -0.49799395, 211.10168, 12.94027561, 77.56599613
1445240657825, 3.0071173, 10.477027, -2.1452048, 265.38138, 12.94027561, 77.56599613
1445240657906, 4.146757, 8.772355, 2.2601264, 474.111, 12.94027561, 77.56599613
1445240657987, 4.951209, 7.3645644, -0.6512229, 433.9122, 12.94027561, 77.56599613
1445240658076, 1.7525556, 11.971008, 2.183512, 476.68823, 12.94027561, 77.56599613
1445240658158, -1.3982137, 7.967903, 6.0238113, 404.09464, 12.94027561, 77.56599613
1445240658249, -1.2162545, 7.2687964, 8.896853, 258.88947, 12.94027561, 77.56599613
1445240658340, -0.41180268, 3.667917, 10.936713, 83.139336, 12.94027561, 77.56599613
1445240658427, -1.4652514, 2.5953147, 10.007763, 351.14966, 12.94027561, 77.56599613
1445240658512, -2.384625, 3.9839516, 7.8912888, 193.78943, 12.94026545, 77.56596733
1445240658595, -2.2505496, 4.0797195, 7.920019, 31.153439, 12.94026545, 77.56596733
1445240658684, -2.231396, 3.86903, 9.624691, 170.01526, 12.94026545, 77.56596733
1445240658772, -2.2409728, 6.081272, 10.141838, 309.06958, 12.94026545, 77.56596733
1445240658857, -2.5953147, 7.7093296, 10.208876, 159.61353, 12.94026545, 77.56596733
1445240658949, -2.27928, 2.2601264, 13.67568, 179.179, 12.94026545, 77.56596733
1445240659035, -4.146757, 2.6144683, 5.9567738, 1073.4932, 12.94026545, 77.56596733
1445240659122, -6.0238113, 5.0661306, 2.5091233, 330.23477, 12.94026545, 77.56596733
1445240659203, -7.4507556, 7.603985, 9.155427, 957.6807, 12.94026545, 77.56596733
1445240659290, 1.8866309, 8.686164, 12.152967, 1542.1962, 12.94026545, 77.56596733
1445240659377, -1.3599066, 5.554548, 3.8307228, 1689.7009, 12.94026545, 77.56596733
1445240659465, -0.4309563, 4.8745947, 4.1659107, 66.38457, 12.94025153, 77.56596897
1445240659546, -3.074155, 8.647857, 7.929596, 604.16644, 12.94025153, 77.56596897
1445240659633, -2.2218192, 9.165004, 8.101978, 177.2259, 12.94025153, 77.56596897
1445240659724, -5.851429, 7.201759, 5.7365074, 874.54126, 12.94025153, 77.56596897
1445240659810, -4.3382936, 6.4739213, 5.056554, 12.249336, 12.94025153, 77.56596897
1445240659899, -2.2601264, 7.479486, 2.0398598, 7.5323663, 12.94025153, 77.56596897
1445240659987, -1.7717092, 7.2209125, 3.6870706, 213.30167, 12.94025153, 77.56596897
1445240660077, -2.930503, 7.747637, 4.654328, 37.661644, 12.94025153, 77.56596897
1445240660160, -5.4204726, 8.255207, 4.7022123, 233.07414, 12.94025153, 77.56596897
1445240660248, -4.7309427, 5.305551, 3.6296098, 374.46387, 12.94025153, 77.56596897
1445240660343, 0.6607997, 6.2345014, 7.479486, 1070.5859, 12.94025153, 77.56596897
1445240660428, -0.7661445, 6.081272, 7.52737, 180.26945, 12.94025153, 77.56596897
1445240660517, -0.5554548, 5.45878, 4.4819455, 388.45236, 12.94024684, 77.56596362
1445240660602, 1.1779473, 7.1826053, 8.082825, 830.3655, 12.94024684, 77.56596362
1445240660690, -0.4309563, 6.895301, 9.385271, 67.472946, 12.94024684, 77.56596362
1445240660784, 3.9264908, 5.449203, 11.243171, 512.8226, 12.94024684, 77.56596362
1445240660868, 3.964798, 3.8786068, 9.241618, 415.7462, 12.94024684, 77.56596362
1445240660949, -0.18195933, 4.807557, 7.2783732, 639.63605, 12.94024684, 77.56596362
1445240661039, -1.3982137, 2.8921957, 6.991069, 384.14832, 12.94024684, 77.56596362
1445240661126, -0.20111294, 5.3342814, 5.00867, 188.27124, 12.94024684, 77.56596362
1445240661212, -1.733402, 2.5953147, 7.651869, 189.30896, 12.94024684, 77.56596362
1445240661301, -4.3478703, 2.2697031, 9.021352, 176.47154, 12.94024684, 77.56596362
1445240661388, 0.6799533, 2.4420857, 9.346964, 635.15155, 12.94024684, 77.56596362
1445240661471, -0.61291564, 1.7717092, 12.555194, 151.82729, 12.94024717, 77.56596673
1445240661556, 0.6991069, 2.873042, 9.423578, 83.518585, 12.94024717, 77.56596673
1445240661646, -1.1875241, 4.0797195, 8.101978, 222.39484, 12.94024717, 77.56596673
1445240661733, 1.532289, 2.2218192, 8.283937, 121.380455, 12.94024717, 77.56596673
1445240661824, 0.23942018, 1.5514427, 9.059659, 130.49702, 12.94024717, 77.56596673
1445240661908, 3.5338416, 3.7253778, 9.844957, 735.724, 12.94024717, 77.56596673
1445240661989, 3.2465374, 0.51714754, 7.9870567, 660.91797, 12.94024717, 77.56596673
1445240662078, -2.6144683, 2.6623523, 13.005303, 146.34229, 12.94024717, 77.56596673
1445240662167, -2.231396, 1.2641385, 15.428236, 158.17879, 12.94024717, 77.56596673
1445240662254, 1.0821792, -1.1109096, 12.124237, 271.8933, 12.94024717, 77.56596673
1445240662342, 2.27928, -0.51714754, 11.425131, 124.06328, 12.94024717, 77.56596673
1445240662429, 1.9153614, 1.5993267, 7.4603324, 257.23746, 12.94024717, 77.56596673
1445240662517, 1.0151415, 3.6487634, 6.291962, 2.1519823, 12.9402647, 77.56596924
1445240662598, -0.06703765, 1.4556746, 5.631162, 485.93433, 12.9402647, 77.56596924
1445240662687, 0.23942018, 1.982399, 8.456321, 415.72058, 12.9402647, 77.56596924
1445240662774, 0.22026655, 1.043872, 8.159439, 142.5639, 12.9402647, 77.56596924
1445240662864, -0.37349546, -0.59376204, 9.136273, 139.39572, 12.9402647, 77.56596924
1445240662947, -2.566584, -1.0342951, 11.942278, 20.768959, 12.9402647, 77.56596924
1445240663035, -2.4995465, -0.24899697, 16.788143, 647.52295, 12.9402647, 77.56596924
1445240663124, -5.3821654, -4.414908, 15.840038, 908.70856, 12.9402647, 77.56596924
1445240663209, -4.003105, -0.641646, 10.0748005, 71.26919, 12.9402647, 77.56596924
1445240663290, -2.7102363, -4.462792, 8.676587, 484.75186, 12.9402647, 77.56596924
1445240663379, -5.410896, -8.935161, 4.6830587, 1254.6692, 12.9402647, 77.56596924
1445240663471, -2.1068976, -7.2687964, 4.4819455, 518.3966, 12.94028555, 77.56596499
1445240663555, -2.8538885, -6.081272, 7.1059904, 364.83078, 12.94028555, 77.56596499
1445240663643, -1.7525556, -4.6160207, 7.7189064, 361.3069, 12.94028555, 77.56596499
1445240663732, -0.7086837, -3.7062242, 7.201759, 161.40692, 12.94028555, 77.56596499
1445240663820, -2.4899697, -7.5465236, 6.6846113, 697.58325, 12.94028555, 77.56596499
1445240663909, -0.50757074, -6.253655, 7.3549876, 443.33072, 12.94028555, 77.56596499
1445240663997, 0.40222588, -3.5625722, 8.542512, 544.1368, 12.94028555, 77.56596499
1445240664085, -3.514688, -4.7788267, 8.39886, 599.6387, 12.94028555, 77.56596499
1445240664173, -3.1411927, -7.680599, 11.262324, 38.089428, 12.94028555, 77.56596499
1445240664262, -2.7389667, -3.2848446, 9.634268, 356.1712, 12.94028555, 77.56596499
1445240664350, -3.514688, -4.405331, 6.751649, 543.0485, 12.94028555, 77.56596499
1445240664438, -2.5570073, -4.0892963, 7.5465236, 237.76898, 12.94028555, 77.56596499
1445240664518, -2.327164, -5.93762, 8.2169, 117.049866, 12.94029139, 77.56596518
1445240664601, -2.4420857, -4.903325, 7.4603324, 19.854336, 12.94029139, 77.56596518
1445240664687, -4.2042184, -0.91937345, 12.133814, 801.7791, 12.94029139, 77.56596518
1445240664776, -2.930503, -2.087744, 11.233594, 88.31946, 12.94029139, 77.56596518
1445240664863, -1.2641385, -3.6104562, 10.457873, 72.651566, 12.94029139, 77.56596518
1445240664949, -3.3327289, -4.003105, 11.702858, 141.42491, 12.94029139, 77.56596518
1445240665038, -4.548983, -2.3558946, 9.548077, 193.68825, 12.94029139, 77.56596518
1445240665120, -3.7253778, -1.9919758, 10.304645, 240.01132, 12.94029139, 77.56596518
1445240665200, -4.185065, 0.20111294, 8.054094, 63.845436, 12.94029139, 77.56596518
1445240665285, -1.3215994, 0.1436521, 6.5696893, 155.48235, 12.94029139, 77.56596518
1445240665374, -1.4748282, 0.94810385, 5.401319, 58.10641, 12.94029139, 77.56596518
1445240665459, -4.050989, 0.009576807, 7.240066, 197.16953, 12.94029979, 77.56596414
1445240665540, -10.649409, 0.12449849, 12.727576, 122.961525, 12.94029979, 77.56596414
1445240665621, -2.0494366, -0.2873042, 7.9966335, 426.81836, 12.94029979, 77.56596414
1445240665710, -1.6376339, -2.087744, 9.892841, 57.030365, 12.94029979, 77.56596414
1445240665794, -7.1251445, -2.5474305, 10.572795, 627.0528, 12.94029979, 77.56596414
1445240665883, -1.7908629, -1.4173675, 8.695741, 515.4259, 12.94029979, 77.56596414
1445240665974, -7.4507556, -2.2026656, 12.210428, 322.03336, 12.94029979, 77.56596414
1445240666060, -3.3518825, 2.3080103, 3.3518825, 29.293734, 12.94029979, 77.56596414
1445240666140, -4.453215, 2.7964275, 8.130709, 514.31006, 12.94029979, 77.56596414
1445240666228, -2.327164, 2.9592333, 10.065224, 479.9287, 12.94029979, 77.56596414
1445240666313, -0.92895025, 2.4995465, 7.97748, 135.20197, 12.94029979, 77.56596414
1445240666402, -2.3080103, -0.40222588, 7.690176, 513.2738, 12.94029979, 77.56596414
1445240666496, -3.572149, -1.0726024, 17.314867, 818.1037, 12.94030128, 77.56596583
1445240666581, -0.93852705, 0.23942018, 10.821792, 299.69775, 12.94030128, 77.56596583
1445240666668, 0.49799395, 1.043872, 8.552089, 3.3022344, 12.94030128, 77.56596583
1445240666749, -2.0973208, 2.0590134, 9.461885, 82.76244, 12.94030128, 77.56596583
1445240666838, -2.3080103, 2.3654714, 10.275913, 102.224236, 12.94030128, 77.56596583
1445240666922, -1.3790601, 2.327164, 8.513782, 104.99862, 12.94030128, 77.56596583
1445240667009, -1.982399, 3.4572272, 8.8777, 101.209335, 12.94030128, 77.56596583
1445240667098, -1.2258313, 3.6870706, 10.01734, 238.88202, 12.94030128, 77.56596583
1445240667188, 0.641646, 2.2409728, 7.3645644, 250.71872, 12.94030128, 77.56596583
1445240667278, -4.548983, 7.240066, 6.483498, 119.17798, 12.94030128, 77.56596583
1445240667363, -2.2505496, 2.6144683, 4.3382936, 526.16095, 12.94030128, 77.56596583
1445240667453, -3.3806129, 3.6774938, 4.596867, 21.047855, 12.94030526, 77.56596412
1445240667540, -4.807557, 6.493075, 4.9224787, 197.04002, 12.94030526, 77.56596412
1445240667628, -4.232949, 2.135628, 11.15698, 278.59802, 12.94030526, 77.56596412
1445240667716, -5.8226986, 1.8866309, 11.18571, 205.6836, 12.94030526, 77.56596412
1445240667805, -2.2984335, -1.13964, 11.501745, 91.463905, 12.94030526, 77.56596412
1445240667893, -0.93852705, 0.6991069, 11.865664, 404.83768, 12.94030526, 77.56596412
1445240667976, -1.0247183, 0.48841715, 10.04607, 258.1066, 12.94030526, 77.56596412
1445240668064, -1.934515, 1.685518, 8.801085, 107.60447, 12.94030526, 77.56596412
1445240668152, -2.087744, 0.79487497, 8.66701, 133.85762, 12.94030526, 77.56596412
1445240668240, -1.0534488, 0.7374141, 10.28549, 294.92206, 12.94030526, 77.56596412
1445240668322, -0.80445176, 3.1411927, 9.394848, 217.54726, 12.94030526, 77.56596412
1445240668403, -2.3750482, 2.3558946, 7.8146744, 480.00824, 12.94030526, 77.56596412
1445240668491, -0.4405331, 2.2218192, 11.520899, 625.75726, 12.94031262, 77.56596149
1445240668580, -0.91937345, 2.6240451, 9.605537, 226.36087, 12.94031262, 77.56596149
1445240668668, -0.49799395, 2.4133554, 9.77792, 43.041786, 12.94031262, 77.56596149
1445240668757, -0.22984336, 1.2066777, 9.787497, 104.37633, 12.94031262, 77.56596149
1445240668846, 0.038307227, 1.6567876, 9.787497, 81.620544, 12.94031262, 77.56596149
1445240668933, 0.78529817, 1.9728222, 10.007763, 145.82861, 12.94031262, 77.56596149
1445240669022, 0.6607997, 0.15322891, 9.423578, 284.076, 12.94031262, 77.56596149
1445240669113, 0.8331822, 0.6607997, 11.501745, 303.09018, 12.94031262, 77.56596149
1445240669198, -0.90979666, 0.6895301, 9.691729, 414.6194, 12.94031262, 77.56596149
1445240669286, -1.0247183, 1.7621324, 10.323798, 180.65344, 12.94031262, 77.56596149
1445240669375, -1.1492168, 1.5227122, 10.821792, 15.064519, 12.94031262, 77.56596149
1445240669462, -1.2354081, 0.4405331, 9.710882, 261.98627, 12.94030782, 77.5659616
1445240669551, -1.0247183, 1.3024458, 10.28549, 185.0798, 12.94030782, 77.5659616
1445240669640, -0.22026655, 2.327164, 9.021352, 63.48674, 12.94030782, 77.5659616
1445240669729, -1.8483237, 1.2449849, 8.571242, 359.13013, 12.94030782, 77.5659616
1445240669816, -1.3120226, 1.6376339, 10.170568, 287.30414, 12.94030782, 77.5659616
1445240669905, -2.2026656, 2.815581, 9.14585, 82.85555, 12.94030782, 77.5659616
1445240669994, -2.9400797, 2.2601264, 8.63828, 204.59544, 12.94030782, 77.5659616
1445240670081, -2.2888567, 2.4133554, 9.758766, 218.74298, 12.94030782, 77.5659616
1445240670170, -2.2409728, 2.336741, 9.825804, 4.3041787, 12.94030782, 77.5659616
1445240670253, -2.030283, 1.7812861, 10.151415, 2.307662, 12.94030782, 77.5659616
1445240670342, -2.135628, 2.585738, 9.797073, 38.73761, 12.94030782, 77.5659616
1445240670426, -2.432509, 2.930503, 9.126697, 74.106285, 12.94030782, 77.5659616
1445240670521, -2.4229321, 2.8921957, 9.260772, 11.088923, 12.94030682, 77.56595817
1445240670604, -2.27928, 3.7445314, 9.835381, 189.22853, 12.94030682, 77.56595817
1445240670691, -2.0590134, 3.9935284, 8.820239, 62.744644, 12.94030682, 77.56595817
1445240670782, -2.2601264, 3.4955344, 9.279925, 26.309988, 12.94030682, 77.56595817
1445240670871, -2.0398598, 3.964798, 9.557653, 108.68061, 12.94030682, 77.56595817
1445240670952, -2.2888567, 3.7828386, 8.820239, 144.24336, 12.94030682, 77.56595817
1445240671039, -2.1068976, 4.1659107, 9.797073, 177.2259, 12.94030682, 77.56595817
1445240671126, -2.1547816, 3.8594532, 9.165004, 113.38059, 12.94030682, 77.56595817
1445240671212, -2.2122424, 3.9552212, 9.548077, 49.574123, 12.94030682, 77.56595817
1445240671301, -2.0207062, 4.223372, 9.414001, 36.179012, 12.94030682, 77.56595817
1445240671388, -2.087744, 3.8402996, 9.088389, 89.16351, 12.94030682, 77.56595817
1445240671478, -2.2218192, 3.9360676, 9.136273, 1.0640886, 12.94031448, 77.56595758
1445240671566, -2.1164744, 4.5394063, 9.576807, 130.5928, 12.94031448, 77.56595758
1445240671656, -2.1068976, 4.060566, 9.126697, 102.152725, 12.94031448, 77.56595758
1445240671745, -2.1068976, 4.2425256, 9.32781, 43.531006, 12.94031448, 77.56595758
1445240671825, -2.0494366, 4.098873, 8.858546, 68.57484, 12.94031448, 77.56595758
1445240671909, -2.135628, 4.721366, 9.059659, 88.8451, 12.94031448, 77.56595758
1445240672001, -2.2218192, 4.2042184, 10.28549, 67.662155, 12.94031448, 77.56595758
1445240672086, -2.0590134, 4.060566, 9.222465, 121.38057, 12.94031448, 77.56595758
1445240672177, -1.5227122, 3.9264908, 9.394848, 63.143826, 12.94031448, 77.56595758
1445240672264, -1.8770541, 4.012682, 9.040505, 71.551, 12.94031448, 77.56595758
1445240672354, -2.2218192, 4.9895163, 8.810662, 45.193985, 12.94031448, 77.56595758
1445240672440, -2.2984335, 4.6926355, 9.011775, 19.814064, 12.94031752, 77.56596018
1445240672527, -2.1164744, 4.3287168, 9.710882, 60.13338, 12.94031752, 77.56596018
1445240672618, -1.9728222, 3.5817258, 9.471462, 91.60416, 12.94031752, 77.56596018
1445240672707, -1.9632454, 3.083732, 9.346964, 68.86697, 12.94031752, 77.56596018
1445240672795, -2.2888567, 3.4284968, 9.011775, 35.9131, 12.94031752, 77.56596018
1445240672885, -2.2984335, 3.2848446, 9.490616, 36.17912, 12.94031752, 77.56596018
1445240672973, -2.2601264, 3.620033, 9.241618, 14.147433, 12.94031752, 77.56596018
1445240673061, -1.7717092, 2.8060043, 9.854534, 32.648174, 12.94031752, 77.56596018
1445240673150, -1.7046716, 2.0685902, 10.5919485, 7.532313, 12.94031752, 77.56596018
1445240673233, -1.9057846, 2.767697, 8.944737, 138.45984, 12.94031752, 77.56596018
1445240673314, -1.5801731, 3.4763808, 9.461885, 191.5362, 12.94031752, 77.56596018
1445240673400, -0.8523358, 2.72939, 10.103531, 72.382774, 12.94031752, 77.56596018
1445240673486, -0.545878, 3.9360676, 9.624691, 120.26698, 12.94031917, 77.56595982
1445240673572, -0.80445176, 3.4859576, 9.911995, 48.99757, 12.94031917, 77.56595982
1445240673659, -0.7757214, 3.572149, 9.653421, 16.511719, 12.94031917, 77.56595982
1445240673745, -0.7086837, 2.72939, 9.739613, 80.17795, 12.94031917, 77.56595982
1445240673834, -0.5746084, 3.4380736, 9.710882, 92.50327, 12.94031917, 77.56595982
1445240673921, -0.6991069, 3.3518825, 9.615114, 34.82472, 12.94031917, 77.56595982
1445240674009, -0.7661445, 3.3039982, 10.0269165, 34.12422, 12.94031917, 77.56595982
1445240674095, -0.6799533, 3.6487634, 9.883265, 33.02355, 12.94031917, 77.56595982
1445240674184, -1.0534488, 3.8307228, 11.099519, 115.13689, 12.94031917, 77.56595982
1445240674266, -2.528277, 1.292869, 7.517793, 926.1473, 12.94031917, 77.56595982
1445240674353, -2.1547816, -0.7565677, 11.051635, 213.55174, 12.94031917, 77.56595982
1445240674440, -1.2354081, 1.2737153, 11.233594, 359.9558, 12.9403218, 77.56595287
1445240674531, -0.25857377, 0.7182605, 11.453861, 70.51059, 12.9403218, 77.56595287
1445240674620, -1.1779473, 2.3750482, 8.7053175, 225.9697, 12.9403218, 77.56595287
1445240674708, -0.6799533, 0.90021986, 10.199299, 59.44208, 12.9403218, 77.56595287
1445240674798, -1.5897499, 4.2521024, 9.030929, 139.96878, 12.9403218, 77.56595287
1445240674882, -1.1875241, 2.6048915, 9.481039, 94.62777, 12.9403218, 77.56595287
1445240674969, -1.9536686, 2.7964275, 9.212888, 96.86897, 12.9403218, 77.56595287
1445240675056, -1.1204864, 3.6391866, 10.189722, 304.91666, 12.9403218, 77.56595287
1445240675146, -1.2066777, 4.807557, 8.714894, 43.627632, 12.9403218, 77.56595287
1445240675236, -1.934515, 4.3766007, 8.628703, 138.33162, 12.9403218, 77.56595287
1445240675325, -1.292869, 4.644751, 9.643845, 216.28508, 12.9403218, 77.56595287
1445240675410, -1.1875241, 5.2002063, 7.5561004, 167.87585, 12.9403218, 77.56595287
1445240675500, -1.0247183, 3.5338416, 10.563218, 167.06216, 12.94031971, 77.56595246
1445240675587, -0.24899697, 4.261679, 11.18571, 247.2151, 12.94031971, 77.56595246
1445240675668, -0.37349546, 2.8443117, 11.032481, 206.7188, 12.94031971, 77.56595246
1445240675758, -0.4213795, 0.12449849, 10.869676, 325.61142, 12.94031971, 77.56595246
1445240675845, 0.24899697, 1.1013328, 11.166556, 223.45872, 12.94031971, 77.56595246
1445240675930, -0.6991069, 3.821146, 10.515334, 131.82202, 12.94031971, 77.56595246
1445240676021, -0.31603462, 3.8402996, 8.887277, 134.70671, 12.94031971, 77.56595246
1445240676259, -0.15322891, 3.6296098, 9.481039, 22.936068, 12.94031971, 77.56595246
1445240676428, 0.019153614, 3.572149, 9.557653, 11.3334875, 12.94031971, 77.56595246
1445240676510, 1.5801731, 3.86903, 11.224017, 429.78824, 12.94031684, 77.56594913
1445240676600, 2.5091233, 5.094861, 10.151415, 120.24212, 12.94031684, 77.56594913
1445240676687, 2.3942018, 5.1906295, 8.858546, 152.5605, 12.94031684, 77.56594913
1445240676769, 2.336741, 3.8594532, 9.040505, 145.38277, 12.94031684, 77.56594913
1445240676857, 1.9536686, 4.0892963, 7.9008656, 146.91689, 12.94031684, 77.56594913
1445240676943, 2.2984335, 3.916914, 8.24563, 60.13338, 12.94031684, 77.56594913
1445240677024, 3.3327289, 1.8866309, 10.582372, 165.52513, 12.94031684, 77.56594913
1445240677112, 2.72939, 4.10845, 7.565677, 158.8881, 12.94031684, 77.56594913
1445240677200, 3.5817258, 6.3206925, 6.8186865, 266.38925, 12.94031684, 77.56594913
1445240677287, 3.6296098, 5.3725886, 9.816227, 241.07123, 12.94031684, 77.56594913
1445240677367, 2.4899697, 4.012682, 9.720459, 320.4093, 12.94031684, 77.56594913
1445240677453, 2.1930888, 4.232949, 7.019799, 322.93875, 12.94029659, 77.5659473
1445240677541, 1.3982137, 3.4859576, 9.509769, 107.73913, 12.94029659, 77.5659473
1445240677627, 2.834735, 6.1195793, 10.97502, 651.2227, 12.94029659, 77.5659473
1445240677710, 1.8770541, 5.659893, 8.465898, 467.43915, 12.94029659, 77.5659473
1445240677798, 1.4460979, 4.060566, 8.66701, 207.86035, 12.94029659, 77.5659473
1445240677885, 1.2258313, 2.72939, 9.758766, 52.837612, 12.94029659, 77.5659473
1445240677974, 0.93852705, 3.2848446, 9.797073, 34.82472, 12.94029659, 77.5659473
1445240678062, 0.18195933, 3.323152, 9.816227, 79.44389, 12.94029659, 77.5659473
1445240678151, 0.39264908, 4.0222588, 7.680599, 136.20355, 12.94029659, 77.5659473
1445240678237, -0.8523358, 4.510676, 7.0964136, 157.73572, 12.94029659, 77.5659473
1445240678318, -2.0685902, 7.1826053, 5.544971, 11.678964, 12.94029659, 77.5659473
1445240678406, 0.8714894, 5.9759274, 5.305551, 169.7706, 12.94029659, 77.5659473
1445240678492, 1.4556746, 7.1059904, 5.142745, 180.4002, 12.94028536, 77.56596243
1445240678583, 4.9416323, 7.929596, 23.731327, 2516.2795, 12.94028536, 77.56596243
1445240678666, -0.93852705, -0.019153614, 2.078167, 4274.948, 12.94028536, 77.56596243
1445240678760, 0.59376204, 3.0262709, 4.8937483, 786.5207, 12.94028536, 77.56596243
1445240678847, 0.59376204, 4.673482, 7.4603324, 484.3442, 12.94028536, 77.56596243
1445240678932, -0.095768064, 4.060566, 6.349423, 283.92426, 12.94028536, 77.56596243
1445240679014, 2.3175871, 9.634268, 14.231135, 1935.216, 12.94028536, 77.56596243
1445240679101, 2.2122424, 6.789956, 19.144037, 225.6605, 12.94028536, 77.56596243
1445240679182, 2.0685902, 2.0685902, 6.1100025, 2209.7595, 12.94028536, 77.56596243
1445240679269, 2.030283, 2.7389667, 8.331821, 331.8475, 12.94028536, 77.56596243
1445240679358, 0.009576807, 3.6008794, 5.9280434, 395.84128, 12.94028536, 77.56596243
1445240679448, 0.93852705, 3.5338416, 7.5465236, 275.59915, 12.94027978, 77.56598536
1445240679531, -0.89064306, 5.90889, 8.101978, 134.3088, 12.94027978, 77.56598536
1445240679624, 0.047884032, 5.4300494, 15.485697, 843.3769, 12.94027978, 77.56598536
1445240679710, 0.9864111, 2.8634653, 8.887277, 945.572, 12.94027978, 77.56598536
1445240679800, 0.5650316, 3.8498764, 10.515334, 243.6766, 12.94027978, 77.56598536
1445240679887, -0.05746084, 2.5378537, 6.3589997, 700.09766, 12.94027978, 77.56598536
1445240679975, 0.009576807, 4.10845, 12.200851, 849.9416, 12.94027978, 77.56598536
1445240680062, 0.009576807, 4.3957543, 8.24563, 426.502, 12.94027978, 77.56598536
1445240680143, -0.45968673, 3.6008794, 10.965444, 177.52135, 12.94027978, 77.56598536
1445240680230, 1.4748282, 4.4819455, 9.088389, 109.13094, 12.94027978, 77.56598536
1445240680319, -0.842759, 3.5434184, 10.91756, 158.54936, 12.94027978, 77.56598536
1445240680407, 0.8714894, 4.185065, 9.32781, 88.062836, 12.94027978, 77.56598536
1445240680496, 0.37349546, 3.9743748, 10.888829, 94.70388, 12.94028011, 77.56600349
1445240680585, 0.33518824, 2.6240451, 8.6574335, 406.74518, 12.94028011, 77.56600349
1445240680673, -0.019153614, 4.0797195, 10.362105, 318.86414, 12.94028011, 77.56600349
1445240680756, -0.06703765, 2.27928, 7.5944076, 556.14716, 12.94028011, 77.56600349
1445240680841, 0.10534488, 3.0358477, 12.0093155, 628.6892, 12.94028011, 77.56600349
1445240680926, 0.7086837, 4.414908, 8.686164, 157.73561, 12.94028011, 77.56600349
1445240681017, -0.6991069, 3.1028855, 7.2113357, 466.0713, 12.94028011, 77.56600349
1445240681100, 0.46926352, 3.083732, 12.152967, 725.101, 12.94028011, 77.56600349
1445240681183, 0.06703765, 2.681506, 11.204864, 213.7262, 12.94028011, 77.56600349
1445240681270, 0.46926352, 2.135628, 7.8912888, 397.3824, 12.94028011, 77.56600349
1445240681350, 0.46926352, 1.685518, 8.312668, 3.546962, 12.94028011, 77.56600349
1445240681437, -0.36391866, 0.1436521, 14.211981, 405.08795, 12.94028011, 77.56600349
1445240681527, 0.16280572, 0.38307226, 6.3589997, 787.4262, 12.94028613, 77.56603899
1445240681613, 0.36391866, 6.7708025, 13.206416, 1562.356, 12.94028613, 77.56603899
1445240681704, 0.0, 1.0630256, 7.192182, 1328.1241, 12.94028613, 77.56603899
1445240681790, 1.1013328, 2.7581203, 11.971008, 880.8435, 12.94028613, 77.56603899
1445240681880, 0.16280572, 0.48841715, 8.389283, 754.43945, 12.94028613, 77.56603899
1445240681967, 1.1492168, 3.6296098, 13.800179, 1096.3794, 12.94028613, 77.56603899
1445240682057, 0.30645782, 2.336741, 7.8529816, 908.18256, 12.94028613, 77.56603899
1445240682146, 0.63206923, 4.7405195, 11.722012, 733.1579, 12.94028613, 77.56603899
1445240682230, 0.34476504, 3.074155, 7.5848308, 733.83734, 12.94028613, 77.56603899
1445240682321, 0.38307226, 3.1986535, 11.664551, 461.1442, 12.94028613, 77.56603899
1445240682408, 0.7661445, 4.3861775, 9.232041, 99.07043, 12.94028613, 77.56603899
1445240682496, 0.6512229, 3.6774938, 8.437167, 183.9181, 12.94030111, 77.5660809
1445240682578, 0.9576807, 3.8786068, 9.097966, 144.24312, 12.94030111, 77.5660809
1445240682666, 0.37349546, 4.5872903, 11.932701, 332.49802, 12.94030111, 77.5660809
1445240682752, 0.5267244, 2.8538885, 8.350976, 600.2207, 12.94030111, 77.5660809
1445240682842, 0.46926352, 2.3750482, 9.959879, 119.177925, 12.94030111, 77.5660809
1445240682927, 0.9672575, 3.8498764, 11.128249, 369.55215, 12.94030111, 77.5660809
1445240683018, 0.60333884, 4.2521024, 9.471462, 177.85492, 12.94030111, 77.5660809
1445240683102, 0.50757074, 3.6774938, 9.251195, 106.02905, 12.94030111, 77.5660809
1445240683185, 0.7565677, 2.3654714, 8.130709, 263.07382, 12.94030111, 77.5660809
1445240683272, 0.90021986, 3.8115692, 10.802638, 495.54404, 12.94030111, 77.5660809
1445240683353, 0.34476504, 3.821146, 7.872135, 423.94894, 12.94030111, 77.5660809
1445240683439, 0.29688102, 3.3806129, 11.15698, 325.16602, 12.94030111, 77.5660809
1445240683527, 0.21068975, 3.1507695, 10.342952, 128.41626, 12.94033134, 77.56610895
1445240683613, 0.39264908, 2.719813, 8.542512, 241.11017, 12.94033134, 77.56610895
1445240683694, 0.038307227, 2.0590134, 10.208876, 79.41734, 12.94033134, 77.56610895
1445240683786, 0.8331822, 2.9879637, 9.787497, 143.12598, 12.94033134, 77.56610895
1445240683869, -0.90021986, 2.231396, 9.758766, 303.4579, 12.94033134, 77.56610895
1445240683951, 0.02873042, 1.9153614, 8.494628, 78.46051, 12.94033134, 77.56610895
1445240684038, 0.82360536, 2.4133554, 11.57836, 503.0575, 12.94033134, 77.56610895
1445240684126, 0.7661445, 2.9113493, 9.241618, 215.47816, 12.94033134, 77.56610895
1445240684216, 0.21068975, 1.5131354, 8.408437, 313.1292, 12.94033134, 77.56610895
1445240684305, 0.095768064, 1.8195933, 9.77792, 173.44655, 12.94033134, 77.56610895
1445240684390, 0.5363012, 3.6104562, 10.314221, 325.61157, 12.94033134, 77.56610895
1445240684477, 0.16280572, 2.9975405, 10.668563, 72.65179, 12.94034143, 77.56612144
1445240684558, 0.047884032, 1.5993267, 8.1402855, 498.9398, 12.94034143, 77.56612144
1445240684648, 0.5554548, 2.8921957, 10.601525, 473.51987, 12.94034143, 77.56612144
1445240684735, 0.17238252, 3.3901896, 10.208876, 32.29396, 12.94034143, 77.56612144
1445240684825, 0.5267244, 2.8538885, 8.236053, 236.78915, 12.94034143, 77.56612144
1445240684909, 0.11492168, 3.8307228, 11.894394, 508.83994, 12.94034143, 77.56612144
1445240684991, 0.22984336, 2.6240451, 7.5848308, 650.76135, 12.94034143, 77.56612144
1445240685078, 0.51714754, 3.572149, 9.471462, 358.8551, 12.94034143, 77.56612144
1445240685168, 0.11492168, 1.5514427, 8.810662, 342.63696, 12.94034143, 77.56612144
1445240685255, 0.7565677, 2.825158, 11.224017, 497.55362, 12.94034143, 77.56612144
1445240685345, 0.23942018, 2.0494366, 8.647857, 434.72244, 12.94034143, 77.56612144
1445240685432, 1.0821792, 2.681506, 11.022904, 442.51453, 12.94034143, 77.56612144
1445240685517, 0.6703765, 3.8881836, 9.988609, 27.83964, 12.94036427, 77.56613732
1445240685598, -0.009576807, 2.183512, 9.442732, 361.79047, 12.94036427, 77.56613732
1445240685686, -0.15322891, 3.5625722, 8.552089, 39.628128, 12.94036427, 77.56613732
1445240685767, 0.6607997, 1.6280571, 9.730036, 7.0938063, 12.94036427, 77.56613732
1445240685854, 0.7565677, 4.55856, 12.363658, 650.56244, 12.94036427, 77.56613732
1445240685941, -0.009576807, 2.078167, 6.090849, 1081.7439, 12.94036427, 77.56613732
1445240686031, 0.047884032, 2.9113493, 11.808203, 734.22186, 12.94036427, 77.56613732
1445240686120, 0.22984336, 2.27928, 8.1402855, 462.69977, 12.94036427, 77.56613732
1445240686208, 0.9864111, 4.0222588, 9.892841, 483.1935, 12.94036427, 77.56613732
1445240686294, -0.009576807, 3.916914, 9.069236, 223.83003, 12.94036427, 77.56613732
1445240686381, 0.6512229, 5.5162406, 8.590396, 204.74554, 12.94036427, 77.56613732
1445240686468, 0.009576807, 4.10845, 8.0445175, 298.31213, 12.94037011, 77.56614842
1445240686549, 0.11492168, 2.7581203, 8.63828, 80.39781, 12.94037011, 77.56614842
1445240686639, -0.18195933, 4.357447, 10.91756, 397.96957, 12.94037011, 77.56614842
1445240686726, 0.02873042, 4.8362875, 8.082825, 246.57535, 12.94037011, 77.56614842
1445240686816, -0.842759, 3.8977604, 11.147403, 139.39572, 12.94037011, 77.56614842
1445240686906, 0.02873042, 4.6255975, 8.063671, 166.78714, 12.94037011, 77.56614842
1445240686989, 0.05746084, 3.2082303, 8.599973, 101.468506, 12.94037011, 77.56614842
1445240687080, 0.41180268, 10.160992, 14.432248, 1443.8878, 12.94037011, 77.56614842
1445240687169, 1.292869, 2.5187001, 4.807557, 1862.0359, 12.94037011, 77.56614842
1445240687257, 1.091756, 3.016694, 9.346964, 543.4031, 12.94037011, 77.56614842
1445240687344, 0.0, 2.3654714, 8.389283, 314.0301, 12.94037011, 77.56614842
1445240687425, 1.2545617, 4.098873, 10.247183, 590.9588, 12.94037011, 77.56614842
1445240687510, 0.641646, 2.8634653, 5.9759274, 719.95044, 12.94040188, 77.56618495
1445240687601, 1.0055647, 8.015787, 13.053187, 1399.2777, 12.94040188, 77.56618495
1445240687688, 0.076614454, 1.4556746, 8.561666, 1361.4299, 12.94040188, 77.56618495
1445240687778, 0.92895025, 5.161899, 12.258312, 917.2452, 12.94040188, 77.56618495
1445240687865, -0.40222588, 2.5953147, 5.410896, 1235.0778, 12.94040188, 77.56618495
1445240687949, 0.06703765, 2.4133554, 10.716447, 665.81604, 12.94040188, 77.56618495
1445240688030, 0.25857377, 3.4476504, 9.844957, 43.745983, 12.94040188, 77.56618495
1445240688121, 0.076614454, 4.3861775, 8.944737, 15.9613285, 12.94040188, 77.56618495
1445240688209, -0.30645782, 4.9895163, 9.902418, 132.3536, 12.94040188, 77.56618495
1445240688298, 0.60333884, 6.3302693, 9.643845, 223.8176, 12.94040188, 77.56618495
1445240688386, 0.31603462, 4.098873, 7.920019, 487.64673, 12.94040188, 77.56618495
1445240688470, -0.19153613, 3.4093432, 8.628703, 58.144844, 12.94044445, 77.56619626
1445240688551, 0.08619126, 5.7365074, 8.101978, 253.43488, 12.94044445, 77.56619626
1445240688638, -0.4405331, 3.0933087, 10.419566, 97.969536, 12.94044445, 77.56619626
1445240688719, 0.6895301, 5.2002063, 10.409989, 398.4423, 12.94044445, 77.56619626
1445240688806, -0.11492168, 4.1180267, 9.576807, 312.62225, 12.94044445, 77.56619626
1445240688896, -0.076614454, 6.1195793, 11.080365, 393.713, 12.94044445, 77.56619626
1445240688984, 0.32561144, 3.572149, 6.8091097, 729.1432, 12.94044445, 77.56619626
1445240689074, 0.2681506, 5.0182467, 11.836933, 720.9507, 12.94044445, 77.56619626
1445240689160, 0.33518824, 6.8091097, 10.448297, 53.938393, 12.94044445, 77.56619626
1445240689248, 0.095768064, 1.292869, 5.00867, 1286.8147, 12.94044445, 77.56619626
1445240689338, 0.58418524, 5.267244, 11.865664, 1257.754, 12.94044445, 77.56619626
1445240689426, 0.29688102, 2.8634653, 6.579266, 896.3461, 12.94044445, 77.56619626
1445240689511, 0.20111294, 3.7062242, 12.076353, 743.34265, 12.94046961, 77.5662101
1445240689599, 0.38307226, 3.2465374, 8.054094, 483.14447, 12.94046961, 77.5662101
1445240689681, 0.20111294, 2.3558946, 9.203311, 9.343333, 12.94046961, 77.5662101
1445240689768, 0.37349546, 4.3382936, 11.530476, 521.15656, 12.94046961, 77.5662101
1445240689858, 0.39264908, 4.644751, 8.791509, 268.15054, 12.94046961, 77.5662101
1445240689947, -0.12449849, 1.982399, 7.843405, 463.77563, 12.94046961, 77.5662101
1445240690033, 1.1300632, 3.6583402, 9.270349, 506.67987, 12.94046961, 77.5662101
1445240690234, 0.9672575, 4.2425256, 9.528923, 33.828583, 12.94046961, 77.5662101
1445240690439, 0.9576807, 4.6926355, 9.787497, 33.937195, 12.94046961, 77.5662101
1445240690524, 0.90021986, 2.2697031, 12.191275, 9.120873, 12.94049017, 77.56622505
1445240690611, 0.38307226, 3.6966474, 7.3166804, 450.5451, 12.94049017, 77.56622505
1445240690701, 0.047884032, 2.8538885, 11.013328, 279.85556, 12.94049017, 77.56622505
1445240690788, 1.0055647, 4.050989, 9.126697, 31.18027, 12.94049017, 77.56622505
1445240690878, 0.641646, 4.2425256, 11.21444, 210.47928, 12.94049017, 77.56622505
1445240690963, 0.24899697, 3.1794999, 7.8529816, 573.46826, 12.94049017, 77.56622505
1445240691044, 0.9672575, 3.964798, 8.66701, 282.63266, 12.94049017, 77.56622505
1445240691132, -0.05746084, -0.047884032, 7.517793, 711.10547, 12.94049017, 77.56622505
1445240691221, 2.2984335, 7.3166804, 15.964537, 2018.578, 12.94049017, 77.56622505
1445240691309, 0.11492168, 2.7868507, 5.4204726, 1983.61, 12.94049017, 77.56622505
1445240691397, 1.043872, 4.1371803, 10.984597, 881.2814, 12.94049017, 77.56622505
1445240691481, 0.019153614, -0.08619126, 8.0445175, 974.7821, 12.94054785, 77.56624398
1445240691565, 1.2258313, 1.9632454, 11.597513, 810.6083, 12.94054785, 77.56624398
1445240691649, 0.6607997, 1.3024458, 8.1402855, 557.50696, 12.94054785, 77.56624398
1445240691732, 0.9768343, 4.960786, 9.9790325, 700.3761, 12.94054785, 77.56624398
1445240691820, 0.009576807, -0.10534488, 7.1826053, 1003.38806, 12.94054785, 77.56624398
1445240691909, 0.50757074, 0.641646, 9.3661175, 389.60193, 12.94054785, 77.56624398
1445240691994, 1.13964, 3.5242648, 11.243171, 626.9467, 12.94054785, 77.56624398
1445240692081, 0.47884035, 2.2697031, 9.892841, 375.3667, 12.94054785, 77.56624398
1445240692162, 0.62249243, 2.7389667, 11.271901, 245.92293, 12.94054785, 77.56624398
1445240692249, 1.0726024, 3.86903, 9.854534, 18.713282, 12.94054785, 77.56624398
1445240692339, 0.7469909, 4.1276035, 9.481039, 48.948074, 12.94054785, 77.56624398
1445240692426, 0.36391866, 0.59376204, 6.2345014, 823.3852, 12.94054785, 77.56624398
1445240692514, 2.528277, 7.536947, 13.330915, 1862.524, 12.94058162, 77.56627519
1445240692607, 0.40222588, 2.2984335, 10.352529, 1112.1453, 12.94058162, 77.56627519
1445240692689, 0.59376204, 1.3024458, 6.5505357, 561.76154, 12.94058162, 77.56627519
1445240692778, 1.4077905, 4.405331, 11.798626, 1018.33386, 12.94058162, 77.56627519
1445240692860, -0.10534488, 1.8004397, 7.2209125, 1060.4562, 12.94058162, 77.56627519
1445240692946, 1.532289, 4.7884035, 10.649409, 936.5226, 12.94058162, 77.56627519
1445240693037, 0.08619126, 3.8402996, 8.848969, 466.07123, 12.94058162, 77.56627519
1445240693125, 0.62249243, 4.673482, 10.199299, 305.597, 12.94058162, 77.56627519
1445240693210, 0.48841715, 3.2273839, 7.2592196, 531.7945, 12.94058162, 77.56627519
1445240693292, 1.0726024, 4.951209, 9.77792, 588.62335, 12.94058162, 77.56627519
1445240693377, 0.17238252, 3.715801, 7.5944076, 508.13406, 12.94058162, 77.56627519
1445240693462, 0.641646, 3.8307228, 9.251195, 263.6439, 12.94061103, 77.56631073
1445240693546, -0.076614454, 4.271256, 10.7356, 145.38293, 12.94061103, 77.56631073
1445240693632, 1.0726024, 5.353435, 9.203311, 80.35715, 12.94061103, 77.56631073
1445240693722, 0.08619126, 3.514688, 7.5848308, 493.7376, 12.94061103, 77.56631073
1445240693808, 0.5746084, 3.217807, 11.128249, 434.29715, 12.94061103, 77.56631073
1445240693898, 1.13964, 4.5394063, 10.697293, 161.74158, 12.94061103, 77.56631073
1445240693986, 0.19153613, 6.090849, 9.193734, 103.47355, 12.94061103, 77.56631073
1445240694067, 0.10534488, 2.566584, 5.391742, 915.11707, 12.94061103, 77.56631073
1445240694160, 0.7757214, 3.916914, 8.255207, 542.68567, 12.94061103, 77.56631073
1445240694239, 0.23942018, 3.7828386, 9.595961, 80.76829, 12.94061103, 77.56631073
1445240694327, 0.81402856, 5.2863975, 10.515334, 340.6297, 12.94061103, 77.56631073
1445240694419, 0.22984336, 3.2944214, 8.647857, 483.00427, 12.94061103, 77.56631073
1445240694505, 0.842759, 5.497087, 8.418014, 300.66733, 12.94063688, 77.56632376
1445240694593, 0.06703765, 5.6215854, 10.352529, 147.5048, 12.94063688, 77.56632376
1445240694685, 0.8619126, 4.185065, 5.717354, 567.39996, 12.94063688, 77.56632376
1445240694771, -0.11492168, 2.930503, 11.951855, 465.47733, 12.94063688, 77.56632376
1445240694861, 0.8714894, 3.9743748, 8.446744, 163.86975, 12.94063688, 77.56632376
1445240694947, 0.19153613, 4.6160207, 11.204864, 316.25726, 12.94063688, 77.56632376
1445240695037, 0.9672575, 4.232949, 9.241618, 174.51065, 12.94063688, 77.56632376
1445240695122, 0.019153614, 3.466804, 10.333375, 73.23445, 12.94063688, 77.56632376
1445240695211, 0.047884032, 3.8115692, 9.931149, 3.2282412, 12.94063688, 77.56632376
1445240695299, 0.5650316, 2.2601264, 7.489063, 395.04333, 12.94063688, 77.56632376
1445240695389, 0.545878, 3.3423057, 10.036493, 401.16177, 12.94063688, 77.56632376
1445240695476, 0.35434186, 1.4077905, 7.489063, 537.1819, 12.94071617, 77.56634633
1445240695558, 1.2354081, 7.8050976, 14.173674, 1702.803, 12.94071617, 77.56634633
1445240695647, 0.22026655, 1.8579005, 6.215348, 1695.5302, 12.94071617, 77.56634633
1445240695733, 1.0055647, 2.2122424, 9.471462, 511.13422, 12.94071617, 77.56634633
1445240695817, 1.1300632, 3.8307228, 9.998186, 267.02386, 12.94071617, 77.56634633
1445240695898, -0.047884032, 1.982399, 8.255207, 588.79626, 12.94071617, 77.56634633
1445240695979, 1.2545617, 5.90889, 10.927136, 975.41547, 12.94071617, 77.56634633
1445240696066, 0.19153613, 1.9249382, 7.575254, 965.3861, 12.94071617, 77.56634633
1445240696157, 0.89064306, 2.1930888, 10.007763, 373.6007, 12.94071617, 77.56634633
1445240696241, 0.5650316, 3.0454245, 11.971008, 296.42502, 12.94071617, 77.56634633
1445240696323, 0.7565677, 3.6966474, 9.241618, 232.9174, 12.94071617, 77.56634633
1445240696408, 0.6607997, 3.1890767, 11.951855, 244.98807, 12.94071617, 77.56634633
1445240696498, 0.93852705, 4.0414124, 9.634268, 131.9471, 12.94076018, 77.56637551
1445240696579, 0.62249243, 4.759673, 10.409989, 145.42557, 12.94076018, 77.56637551
1445240696666, 0.25857377, 2.2409728, 5.45878, 910.9103, 12.94076018, 77.56637551
1445240696746, 0.90021986, 2.27928, 9.423578, 573.4262, 12.94076018, 77.56637551
1445240696832, 1.2066777, 4.0222588, 10.381259, 349.6648, 12.94076018, 77.56637551
1445240696914, 0.4405331, 3.016694, 8.485051, 447.30698, 12.94076018, 77.56637551
1445240696999, 1.0534488, 4.2042184, 9.232041, 299.69766, 12.94076018, 77.56637551
1445240697091, 0.41180268, 3.1124623, 8.801085, 235.25627, 12.94076018, 77.56637551
1445240697175, 0.30645782, 3.6391866, 9.883265, 178.99513, 12.94076018, 77.56637551
1445240697266, 1.0151415, 5.755661, 9.011775, 217.07428, 12.94076018, 77.56637551
1445240697353, 0.20111294, 2.7964275, 7.6231384, 586.5794, 12.94076018, 77.56637551
1445240697440, 1.1013328, 3.6391866, 9.040505, 367.4821, 12.94076018, 77.56637551
1445240697528, 1.7717092, 5.6886234, 11.358093, 566.00006, 12.94079856, 77.5663928
1445240697616, 0.2681506, 2.9400797, 7.565677, 914.1498, 12.94079856, 77.5663928
1445240697706, 0.9672575, 3.2082303, 8.590396, 223.81757, 12.94079856, 77.5663928
1445240697794, 0.49799395, 2.3654714, 8.935161, 109.91562, 12.94079856, 77.5663928
1445240697882, 0.82360536, 3.514688, 10.132261, 300.2168, 12.94079856, 77.5663928
1445240697968, 0.41180268, 3.41892, 8.935161, 198.21765, 12.94079856, 77.5663928
1445240698049, 0.7469909, 2.873042, 9.998186, 105.226654, 12.94079856, 77.5663928
1445240698139, 0.61291564, 3.169923, 11.233594, 155.35704, 12.94079856, 77.5663928
1445240698226, 0.8714894, 2.8060043, 9.059659, 261.98627, 12.94079856, 77.5663928
1445240698314, 0.19153613, 2.9113493, 9.3661175, 30.821877, 12.94079856, 77.5663928
1445240698402, 0.22026655, 3.6870706, 10.228029, 189.35951, 12.94079856, 77.5663928
1445240698482, 0.36391866, 3.217807, 8.418014, 263.65775, 12.94085, 77.5664062
1445240698567, 0.7469909, 5.497087, 9.595961, 451.79996, 12.94085, 77.5664062
1445240698659, 0.62249243, 4.223372, 7.5848308, 370.5809, 12.94085, 77.5664062
1445240698746, 0.94810385, 4.10845, 8.695741, 151.90788, 12.94085, 77.5664062
1445240698832, 1.2545617, 2.3463178, 6.7324953, 397.5488, 12.94085, 77.5664062
1445240698922, 1.0247183, 3.2848446, 11.405977, 598.0183, 12.94085, 77.5664062
1445240699008, 0.91937345, 4.2042184, 11.923124, 154.7881, 12.94085, 77.5664062
1445240699098, 2.4995465, 4.280833, 6.5218053, 416.05908, 12.94085, 77.5664062
1445240699186, 1.3024458, 5.9759274, 8.494628, 280.77466, 12.94085, 77.5664062
1445240699276, -0.095768064, 1.3120226, 9.749189, 540.1749, 12.94085, 77.5664062
1445240699365, 1.982399, 2.1260512, 7.8625584, 112.984795, 12.94085, 77.5664062
1445240699453, 0.6703765, 4.7884035, 14.164097, 910.93677, 12.94090217, 77.5664081
1445240699536, -0.37349546, 4.7884035, 7.153875, 915.238, 12.94090217, 77.5664081
1445240699626, 1.1587936, 2.1260512, 7.651869, 71.826035, 12.94090217, 77.5664081
1445240699713, 1.1492168, 3.3423057, 12.239159, 658.40533, 12.94090217, 77.5664081
1445240699800, 0.11492168, 3.064578, 8.935161, 524.5478, 12.94090217, 77.5664081
1445240699889, 0.2873042, 2.3080103, 8.073248, 162.48296, 12.94090217, 77.5664081
1445240699982, 0.7086837, 4.1659107, 9.854534, 436.6201, 12.94090217, 77.5664081
1445240700066, -0.08619126, 5.497087, 7.920019, 166.45398, 12.94090217, 77.5664081
1445240700154, 1.091756, 6.4643445, 7.642292, 212.21335, 12.94090217, 77.5664081
1445240700237, 0.29688102, 4.759673, 12.670115, 304.61163, 12.94090217, 77.5664081
1445240700326, 2.2026656, 8.66701, 8.63828, 200.14452, 12.94090217, 77.5664081
1445240700411, -0.78529817, 9.605537, 8.255207, 286.17746, 12.94090217, 77.5664081
1445240700498, 3.6008794, 10.927136, 9.394848, 787.05927, 12.94092593, 77.56641915
1445240700586, 0.10534488, -2.4420857, 11.789049, 1663.2822, 12.94092593, 77.56641915
1445240700669, 0.30645782, 0.047884032, 5.2863975, 453.75818, 12.94092593, 77.56641915
1445240700757, -1.1204864, -1.4460979, 1.1492168, 802.05756, 12.94092593, 77.56641915
1445240700844, 0.641646, 2.0494366, 2.1739352, 722.1133, 12.94092593, 77.56641915
1445240700928, -0.90021986, 2.0207062, 15.964537, 1454.7626, 12.94092593, 77.56641915
1445240701020, -4.357447, 15.610195, 34.687195, 3170.8699, 12.94092593, 77.56641915
1445240701105, 2.4133554, 3.3614593, 4.5872903, 4136.958, 12.94092593, 77.56641915
1445240701193, 1.0821792, -0.51714754, 4.8841715, 558.2843, 12.94092593, 77.56641915
1445240701281, -0.545878, 7.469909, 8.360553, 1117.657, 12.94092593, 77.56641915
1445240701363, -0.11492168, 3.6774938, 8.408437, 404.09442, 12.94092593, 77.56641915
1445240701448, -0.93852705, 3.86903, 7.7667904, 149.84894, 12.94094998, 77.5664408
1445240701529, -0.45010993, 4.6255975, 17.30529, 1331.2943, 12.94094998, 77.5664408
1445240701618, 0.24899697, 2.6431987, 9.126697, 1063.1332, 12.94094998, 77.5664408
1445240701706, 0.7278373, 3.667917, 9.481039, 211.12508, 12.94094998, 77.5664408
1445240701787, 0.641646, 3.0933087, 7.383718, 340.5087, 12.94094998, 77.5664408
1445240701874, 0.019153614, 2.9113493, 10.208876, 232.26501, 12.94094998, 77.5664408
1445240701963, 0.59376204, 2.1930888, 7.5848308, 310.97723, 12.94094998, 77.5664408
1445240702048, 0.45968673, 3.8498764, 12.603078, 769.5248, 12.94094998, 77.5664408
1445240702140, 0.29688102, 4.4723687, 7.5082164, 509.35986, 12.94094998, 77.5664408
1445240702273, 0.22026655, 4.8745947, 7.699753, 38.593098, 12.94094998, 77.5664408
1445240702384, 0.33518824, 4.76925, 8.437167, 67.2965, 12.94094998, 77.5664408
1445240702523, 0.545878, 4.280833, 9.174581, 33.070953, 12.94094998, 77.5664408
1445240702647, 0.60333884, 3.8498764, 9.490616, 4.671686, 12.94094998, 77.5664408
1445240702739, 0.45010993, 2.7964275, 8.695741, 217.56018, 12.94097979, 77.5664697
1445240702827, 0.5650316, 3.7253778, 11.9135475, 484.28168, 12.94097979, 77.5664697
1445240702914, 1.7621324, 5.267244, 7.7572136, 162.91585, 12.94097979, 77.5664697
1445240702999, 0.6799533, 2.4612393, 9.854534, 208.23994, 12.94097979, 77.5664697
1445240703081, 1.2737153, 4.146757, 9.471462, 231.24486, 12.94097979, 77.5664697
1445240703169, 1.0055647, 3.0071173, 8.762778, 243.27289, 12.94097979, 77.5664697
1445240703249, 1.1109096, 3.8115692, 9.260772, 173.80125, 12.94097979, 77.5664697
1445240703337, 1.0247183, 4.9224787, 9.691729, 165.41762, 12.94097979, 77.5664697
1445240703424, 1.0055647, 3.7828386, 8.532935, 266.3893, 12.94097979, 77.5664697
1445240703509, 0.5746084, 2.480393, 9.32781, 110.41495, 12.94101365, 77.5664983
1445240703590, 0.8523358, 4.501099, 10.879252, 475.29315, 12.94101365, 77.5664983
1445240703680, 0.2681506, 2.1164744, 7.441179, 711.876, 12.94101365, 77.5664983
1445240703768, 1.5227122, 6.301539, 10.409989, 966.48706, 12.94101365, 77.5664983
1445240703857, 0.58418524, 3.7062242, 8.197746, 638.454, 12.94101365, 77.5664983
1445240703942, 0.8331822, 2.231396, 9.615114, 22.53364, 12.94101365, 77.5664983
1445240704030, 0.7182605, 3.7349546, 9.385271, 131.68108, 12.94101365, 77.5664983
1445240704118, 0.6895301, 4.1180267, 9.634268, 68.56106, 12.94101365, 77.5664983
1445240704201, 0.5267244, 3.572149, 8.619126, 207.6897, 12.94101365, 77.5664983
1445240704288, 0.50757074, 3.6774938, 10.994174, 282.9009, 12.94101365, 77.5664983
1445240704377, 0.35434186, 4.0222588, 8.983045, 204.4486, 12.94101365, 77.5664983
1445240704460, 1.1013328, 4.2904096, 10.496181, 304.61172, 12.94104794, 77.56651903
1445240704542, 0.39264908, 2.030283, 6.5696893, 851.2717, 12.94104794, 77.56651903
1445240704632, 0.59376204, 4.55856, 11.674128, 860.86035, 12.94104794, 77.56651903
1445240704720, 0.6799533, 3.0550013, 7.699753, 612.698, 12.94104794, 77.56651903
1445240704808, 0.80445176, 4.7500963, 12.200851, 718.26056, 12.94104794, 77.56651903
1445240704897, 0.23942018, 2.2122424, 6.1866174, 1036.0363, 12.94104794, 77.56651903
1445240704986, 0.32561144, 3.9456444, 12.105083, 859.7844, 12.94104794, 77.56651903
1445240705071, 0.46926352, 3.265691, 8.149862, 528.4143, 12.94104794, 77.56651903
1445240705156, 0.047884032, 4.55856, 11.434708, 488.98056, 12.94104794, 77.56651903
1445240705245, 0.38307226, 2.432509, 6.83784, 725.8784, 12.94104794, 77.56651903
1445240705333, 0.19153613, 4.0318356, 11.683704, 702.6579, 12.94104794, 77.56651903
1445240705421, 0.1436521, 4.012682, 8.868123, 327.5703, 12.94104794, 77.56651903
1445240705510, 0.05746084, 3.0454245, 9.270349, 73.17114, 12.9410969, 77.56653447
1445240705598, 0.8331822, 2.825158, 8.7053175, 1.0881641, 12.9410969, 77.56653447
1445240705686, 0.5554548, 3.2082303, 10.850522, 255.74423, 12.9410969, 77.56653447
1445240705774, 0.4405331, 3.1890767, 9.356541, 185.00642, 12.9410969, 77.56653447
1445240705863, 0.36391866, 2.9400797, 9.3182335, 40.88959, 12.9410969, 77.56653447
1445240705951, 0.7661445, 3.5817258, 9.911995, 186.0947, 12.9410969, 77.56653447
1445240706034, 0.38307226, 3.083732, 8.2169, 310.3809, 12.9410969, 77.56653447
1445240706119, 0.58418524, 2.7964275, 10.515334, 260.2639, 12.9410969, 77.56653447
1445240706211, 1.0342951, 4.0414124, 8.868123, 5.2046776, 12.9410969, 77.56653447
1445240706301, 0.8714894, 2.6431987, 9.251195, 132.3537, 12.9410969, 77.56653447
1445240706387, 0.8714894, 3.016694, 9.921572, 119.985275, 12.9410969, 77.56653447
1445240706475, 1.8387469, 5.00867, 11.664551, 534.3423, 12.94116632, 77.56655878
1445240706565, 0.35434186, 2.2697031, 5.104438, 1198.165, 12.94116632, 77.56655878
1445240706648, 0.9672575, 2.3558946, 11.808203, 891.9124, 12.94116632, 77.56655878
1445240706738, 1.6089035, 6.933608, 9.605537, 335.18814, 12.94116632, 77.56655878
1445240706820, 0.32561144, 1.0247183, 6.38773, 1285.1837, 12.94116632, 77.56655878
1445240706908, 0.45010993, 2.1643584, 10.036493, 552.0115, 12.94116632, 77.56655878
1445240706997, 1.3503298, 4.6351743, 10.132261, 393.95508, 12.94116632, 77.56655878
1445240707085, 0.5746084, 3.0262709, 8.743625, 423.96198, 12.94116632, 77.56655878
1445240707173, 1.8483237, 4.261679, 10.94629, 535.43066, 12.94116632, 77.56655878
1445240707262, 1.0247183, 3.074155, 8.130709, 542.3271, 12.94116632, 77.56655878
1445240707345, 0.92895025, 2.3463178, 9.998186, 127.30156, 12.94116632, 77.56655878
1445240707426, 1.5705963, 3.6104562, 10.065224, 240.58807, 12.94116632, 77.56655878
1445240707514, 1.4748282, 3.916914, 8.868123, 112.09228, 12.94122513, 77.56657254
1445240707604, 0.39264908, 1.6950948, 8.418014, 417.12308, 12.94122513, 77.56657254
1445240707688, 0.6607997, 1.091756, 8.082825, 79.80676, 12.94122513, 77.56657254
1445240707778, 1.1779473, 2.3558946, 9.11712, 312.84235, 12.94122513, 77.56657254
1445240707864, 1.091756, 2.873042, 9.643845, 111.35822, 12.94122513, 77.56657254
1445240707952, 0.8714894, 2.1068976, 8.149862, 281.86288, 12.94122513, 77.56657254
1445240708041, 1.2545617, 3.6487634, 10.764331, 515.8417, 12.94122513, 77.56657254
1445240708129, 1.1204864, 2.8443117, 7.9870567, 417.50577, 12.94122513, 77.56657254
1445240708217, 0.40222588, 1.7525556, 9.414001, 43.5309, 12.94122513, 77.56657254
1445240708307, 1.7908629, 5.5258174, 11.291056, 782.106, 12.94122513, 77.56657254
1445240708399, 0.4213795, 1.6759412, 5.5641246, 1202.889, 12.94122513, 77.56657254
1445240708485, 0.7757214, 2.0111294, 10.28549, 621.9421, 12.94133178, 77.56658118
1445240708574, 1.8100165, 3.7253778, 9.768343, 253.56781, 12.94133178, 77.56658118
1445240708665, 0.6799533, 1.1109096, 7.6231384, 640.18866, 12.94133178, 77.56658118
1445240708750, 1.1492168, 3.122039, 11.597513, 759.3844, 12.94133178, 77.56658118
1445240708841, 0.90979666, 2.9879637, 8.1881695, 420.31543, 12.94133178, 77.56658118
1445240708927, 1.5131354, 2.6240451, 11.348516, 390.7778, 12.94133178, 77.56658118
1445240709017, 0.78529817, 2.0685902, 9.136273, 392.75684, 12.94133178, 77.56658118
1445240709105, 0.82360536, 2.1739352, 9.385271, 44.619278, 12.94133178, 77.56658118
1445240709191, 1.2449849, 3.371036, 11.980585, 489.97626, 12.94133178, 77.56658118
1445240709278, 0.7469909, 2.3080103, 8.494628, 573.5201, 12.94133178, 77.56658118
1445240709360, 1.0534488, 3.4380736, 11.903971, 590.9589, 12.94133178, 77.56658118
1445240709449, 1.8579005, 4.8841715, 8.954314, 78.551254, 12.94139439, 77.56659516
1445240709533, 0.5363012, 2.2218192, 7.144298, 689.7581, 12.94139439, 77.56659516
1445240709623, 2.0494366, 4.4819455, 12.095507, 969.38556, 12.94139439, 77.56659516
1445240709706, 1.0055647, 0.82360536, 5.899313, 1329.0737, 12.94139439, 77.56659516
1445240709789, 1.0151415, 3.0933087, 11.147403, 896.1155, 12.94139439, 77.56659516
1445240709875, 1.6759412, 3.9743748, 9.873688, 31.180382, 12.94139439, 77.56659516
1445240709967, 0.8714894, 1.5993267, 8.24563, 528.3031, 12.94139439, 77.56659516
1445240710053, 1.9728222, 3.7349546, 11.980585, 801.3697, 12.94139439, 77.56659516
1445240710142, 1.0630256, 3.86903, 8.025364, 537.6071, 12.94139439, 77.56659516
1445240710231, 1.1109096, 3.016694, 9.672575, 93.6399, 12.94139439, 77.56659516
1445240710318, 0.9768343, 0.38307226, 6.5696893, 674.77966, 12.94139439, 77.56659516
1445240710400, 1.3790601, 2.4899697, 11.204864, 882.0121, 12.94139439, 77.56659516
1445240710487, 1.283292, 3.122039, 10.5919485, 8.706071, 12.94146744, 77.56661448
1445240710572, 1.283292, 3.2944214, 10.266336, 18.027025, 12.94146744, 77.56661448
1445240710653, 1.1013328, 2.27928, 8.839393, 323.9561, 12.94146744, 77.56661448
1445240710743, 0.94810385, 2.7102363, 9.433155, 96.832275, 12.94146744, 77.56661448
1445240710830, 0.8810662, 1.6376339, 8.599973, 226.76118, 12.94146744, 77.56661448
1445240710920, 0.91937345, 3.4859576, 11.348516, 515.0193, 12.94146744, 77.56661448
1445240711009, 1.1492168, 3.9360676, 9.232041, 161.40692, 12.94146744, 77.56661448
1445240711097, 0.93852705, 2.2505496, 8.169016, 340.14175, 12.94146744, 77.56661448
1445240711186, 0.6512229, 2.3080103, 8.418014, 2.1521966, 12.94146744, 77.56661448
1445240711273, 1.3694834, 2.9783869, 10.381259, 380.89578, 12.94146744, 77.56661448
1445240711361, 1.3024458, 2.920926, 10.036493, 53.32546, 12.94146744, 77.56661448
1445240711445, 1.4077905, 3.4859576, 9.548077, 21.922905, 12.9415088, 77.56660164
1445240711525, 1.5801731, 2.4229321, 9.442732, 122.96135, 12.9415088, 77.56660164
1445240711606, 1.1587936, 2.719813, 8.561666, 124.143906, 12.9415088, 77.56660164
1445240711694, 1.0630256, 2.087744, 8.475474, 93.56652, 12.9415088, 77.56660164
1445240711786, 1.1109096, 1.8100165, 8.944737, 26.023907, 12.9415088, 77.56660164
1445240711870, 1.4077905, 2.0494366, 8.264784, 16.90023, 12.9415088, 77.56660164
1445240711958, 0.89064306, 1.283292, 8.561666, 112.09206, 12.9415088, 77.56660164
1445240712046, 1.6376339, 2.4708161, 9.548077, 331.9234, 12.9415088, 77.56660164
1445240712137, 1.6567876, 2.2601264, 8.580819, 127.34004, 12.9415088, 77.56660164
1445240712222, 1.5227122, 2.8634653, 9.433155, 155.48224, 12.9415088, 77.56660164
1445240712303, 1.2737153, 2.2984335, 7.4986396, 339.3264, 12.9415088, 77.56660164
1445240712390, 0.22026655, 1.6280571, 11.808203, 297.21133, 12.9415088, 77.56660164
1445240712480, -0.076614454, 3.3518825, 11.530476, 129.12558, 12.94156771, 77.56660254
1445240712567, 1.7429788, 3.1603463, 3.5242648, 724.7902, 12.94156771, 77.56660254
1445240712657, 0.038307227, 1.8674773, 7.2687964, 82.99896, 12.94156771, 77.56660254
1445240712742, 0.5746084, 2.9879637, 24.420856, 2239.1484, 12.94156771, 77.56660254
1445240712823, 1.1971009, -3.169923, 3.1124623, 3273.6328, 12.94156771, 77.56660254
1445240712911, -0.32561144, -2.9113493, 4.4244847, 5.4413624, 12.94156771, 77.56660254
1445240712999, -0.40222588, 0.4309563, 5.889736, 537.6072, 12.94156771, 77.56660254
1445240713088, -0.08619126, 2.2888567, 10.534488, 766.14453, 12.94156771, 77.56660254
1445240713175, 3.2752678, 13.302185, 21.107283, 2867.5386, 12.94156771, 77.56660254
1445240713265, 2.5570073, 1.7238252, 11.358093, 2449.5344, 12.94156771, 77.56660254
1445240713350, 0.19153613, -0.60333884, 3.7253778, 1450.0413, 12.94156771, 77.56660254
1445240713439, 1.982399, 6.081272, 4.0222588, 996.8586, 12.94156771, 77.56660254
1445240713526, 2.3080103, 4.9224787, 9.385271, 514.7535, 12.9416063, 77.56660589
1445240713618, 0.20111294, 1.7812861, 7.6710224, 765.09216, 12.9416063, 77.56660589
1445240713703, 3.0933087, 6.0046577, 16.270994, 1827.3884, 12.9416063, 77.56660589
1445240713786, 1.8004397, 3.620033, 7.6135616, 1486.1356, 12.9416063, 77.56660589
1445240713872, 1.1683705, 2.27928, 7.1059904, 288.41797, 12.9416063, 77.56660589
1445240713960, 2.2026656, 4.367024, 10.247183, 719.9116, 12.9416063, 77.56660589
1445240714045, 1.6184803, 4.10845, 8.37013, 319.978, 12.9416063, 77.56660589
1445240714126, 2.4516625, 4.367024, 10.151415, 350.37073, 12.9416063, 77.56660589
1445240714216, 2.27928, 3.8402996, 8.446744, 270.08746, 12.9416063, 77.56660589
1445240714306, 2.1643584, 3.0550013, 9.615114, 29.46707, 12.9416063, 77.56660589
1445240714393, 2.1260512, 4.4723687, 9.844957, 184.9316, 12.9416063, 77.56660589
1445240714481, 1.6376339, 1.6759412, 8.465898, 536.081, 12.94164017, 77.56660593
1445240714567, 2.4133554, 2.9879637, 10.611102, 486.5457, 12.94164017, 77.56660593
1445240714648, 1.8195933, 2.4037786, 7.690176, 506.03372, 12.94164017, 77.56660593
1445240714735, 2.777274, 3.9360676, 11.444284, 717.7103, 12.94164017, 77.56660593
1445240714821, 2.1260512, 2.6527755, 8.762778, 536.74664, 12.94164017, 77.56660593
1445240714903, 2.4133554, 2.6719291, 9.921572, 178.68913, 12.94164017, 77.56660593
1445240714990, 2.2984335, 2.8443117, 8.896853, 112.4718, 12.94164017, 77.56660593
1445240715079, 2.336741, 2.6431987, 9.749189, 76.61449, 12.94164017, 77.56660593
1445240715162, 2.3175871, 2.7581203, 8.829816, 99.229576, 12.94164017, 77.56660593
1445240715245, 2.2601264, 2.5570073, 8.858546, 27.691946, 12.94164017, 77.56660593
1445240715332, 1.9632454, 2.3463178, 8.437167, 108.01732, 12.94164017, 77.56660593
1445240715421, 2.384625, 3.122039, 11.137826, 433.08438, 12.94164017, 77.56660593
1445240715508, 2.3654714, 3.169923, 9.77792, 153.0086, 12.94166095, 77.56659389
1445240715597, 2.078167, 2.432509, 8.42759, 266.8592, 12.94166095, 77.56659389
1445240715678, 2.336741, 3.2848446, 11.999739, 578.1554, 12.94166095, 77.56659389
1445240715765, 1.8483237, 1.484405, 7.4603324, 784.85785, 12.94166095, 77.56659389
1445240715851, 2.5761611, 2.681506, 10.228029, 545.6552, 12.94166095, 77.56659389
1445240715941, 2.231396, 2.1260512, 9.308656, 204.4487, 12.94166095, 77.56659389
1445240716021, 2.2984335, 2.6623523, 9.911995, 148.97264, 12.94166095, 77.56659389
1445240716107, 2.3080103, 4.012682, 10.01734, 170.37802, 12.94166095, 77.56659389
1445240716198, 1.8387469, 3.2082303, 9.404425, 207.32198, 12.94166095, 77.56659389
1445240716285, 2.087744, 3.5817258, 9.576807, 91.36496, 12.94166095, 77.56659389
1445240716371, 2.336741, 2.528277, 7.6231384, 320.7117, 12.94166095, 77.56659389
1445240716459, 2.5091233, 3.916914, 11.693281, 639.9048, 12.94167752, 77.56657748
1445240716541, 2.6144683, 4.462792, 10.180145, 105.11142, 12.94167752, 77.56657748
1445240716625, 2.135628, 3.6008794, 7.881712, 438.4562, 12.94167752, 77.56657748
1445240716713, 2.7868507, 4.7500963, 9.595961, 394.9088, 12.94167752, 77.56657748
1445240716795, 1.5705963, 4.2042184, 8.408437, 364.15512, 12.94167752, 77.56657748
1445240716886, 1.091756, 3.9073372, 8.389283, 87.34897, 12.94167752, 77.56657748
1445240717024, 0.9576807, 3.7828386, 7.9487495, 50.65994, 12.94167752, 77.56657748
1445240717188, 0.8619126, 3.9839516, 7.6710224, 10.51112, 12.94167752, 77.56657748
1445240717320, 0.94810385, 4.2042184, 7.6135616, 18.72163, 12.94167752, 77.56657748
1445240717808, 1.091756, 3.9743748, 7.5561004, 2.943717, 12.94167752, 77.56657748
1445240717895, 1.4556746, 2.336741, 7.1730285, 190.43523, 12.94168581, 77.56655007
1445240717985, 2.0973208, 3.7541082, 12.047623, 779.057, 12.94168581, 77.56655007
1445240718071, 2.3558946, 3.3614593, 8.676587, 402.88632, 12.94168581, 77.56655007
1445240718160, 2.3942018, 3.5913026, 9.605537, 134.50569, 12.94168581, 77.56655007
1445240718249, 2.2601264, 3.7541082, 8.829816, 84.88547, 12.94168581, 77.56655007
1445240718337, 2.327164, 3.8498764, 8.983045, 35.509476, 12.94168581, 77.56655007
1445240718425, 1.3311762, 2.7485435, 9.500193, 179.56506, 12.94168581, 77.56655007
1445240718511, 2.0015526, 2.5187001, 9.844957, 91.31365, 12.94170643, 77.56652503
1445240718599, 2.327164, 5.410896, 9.050082, 275.33334, 12.94170643, 77.56652503
1445240718686, 0.4213795, 3.5529952, 7.642292, 594.4224, 12.94170643, 77.56652503
1445240718767, 2.4516625, 5.717354, 10.965444, 928.1227, 12.94170643, 77.56652503
1445240718857, 0.7182605, 2.1643584, 8.1881695, 895.96356, 12.94170643, 77.56652503
1445240718942, 2.2218192, 4.357447, 9.461885, 591.7101, 12.94170643, 77.56652503
1445240719023, 2.1452048, 3.9839516, 9.442732, 57.227207, 12.94170643, 77.56652503
1445240719110, 1.8004397, 2.7485435, 8.858546, 248.77681, 12.94170643, 77.56652503
1445240719199, 2.3175871, 3.6583402, 9.423578, 223.8175, 12.94170643, 77.56652503
1445240719286, 1.9153614, 3.169923, 9.576807, 84.76027, 12.94170643, 77.56652503
1445240719376, 2.0207062, 3.4572272, 9.481039, 32.98685, 12.94170643, 77.56652503
1445240719459, 2.2984335, 1.7525556, 11.18571, 33.4611, 12.9417102, 77.56648769
1445240719541, 1.6089035, 3.122039, 10.553641, 5.8396273, 12.9417102, 77.56648769
1445240719628, 1.7238252, 5.267244, 9.80665, 173.92345, 12.9417102, 77.56648769
1445240719718, 2.231396, 5.439626, 6.531382, 291.6085, 12.9417102, 77.56648769
1445240719798, 2.2601264, 4.606444, 9.682152, 289.66873, 12.9417102, 77.56648769
1445240719887, 1.3215994, -0.48841715, 10.524911, 583.2167, 12.9417102, 77.56648769
1445240719973, 0.10534488, -1.1779473, 5.851429, 765.031, 12.9417102, 77.56648769
1445240720061, -0.019153614, 1.3503298, 4.903325, 165.41762, 12.9417102, 77.56648769
1445240720152, -0.038307227, 5.851429, 9.193734, 963.99506, 12.9417102, 77.56648769
1445240720240, 2.633622, 7.2687964, 12.028469, 795.86566, 12.9417102, 77.56648769
1445240720326, 1.9440918, 5.3725886, 13.637373, 112.27969, 12.9417102, 77.56648769
1445240720415, 0.8331822, 1.7717092, 7.73806, 1205.8071, 12.9417102, 77.56648769
1445240720501, 2.1739352, 1.7908629, 8.7532015, 272.994, 12.94171489, 77.56645931
1445240720582, 1.436521, 4.8458643, 6.215348, 27.193377, 12.94171489, 77.56645931
1445240720669, 0.91937345, 4.7788267, 6.751649, 5.5038514, 12.94171489, 77.56645931
1445240720759, 2.0973208, 3.9935284, 11.722012, 595.89026, 12.94171489, 77.56645931
1445240720847, 2.1547816, 3.620033, 9.988609, 232.89053, 12.94171489, 77.56645931
1445240720936, 1.1971009, 2.825158, 10.505757, 138.80986, 12.94171489, 77.56645931
1445240721025, 1.5610195, 4.4244847, 9.222465, 76.39917, 12.94171489, 77.56645931
1445240721110, 0.9576807, 3.5338416, 7.5944076, 367.29877, 12.94171489, 77.56645931
1445240721201, 2.1547816, 2.5570073, 9.414001, 224.16046, 12.94171489, 77.56645931
1445240721291, 1.3694834, 2.231396, 8.312668, 248.56659, 12.94171489, 77.56645931
1445240721378, 1.9536686, 3.6104562, 12.29662, 683.5859, 12.94171489, 77.56645931
1445240721460, 2.432509, 2.5378537, 8.829816, 489.22495, 12.94171372, 77.5664255
1445240721544, 2.3654714, 3.0550013, 8.418014, 4.615439, 12.94171372, 77.5664255
1445240721630, 1.6089035, 2.9113493, 9.279925, 4.4031253, 12.94171372, 77.5664255
1445240721720, 1.9057846, 2.2601264, 8.456321, 130.88301, 12.94171372, 77.5664255
1445240721807, 2.3175871, 4.1946416, 10.419566, 495.35214, 12.94171372, 77.5664255
1445240721897, 2.2505496, 4.3957543, 10.620679, 37.243206, 12.94171372, 77.5664255
1445240721986, 2.480393, 3.715801, 9.423578, 185.0798, 12.94171372, 77.5664255
1445240722069, 1.5610195, 2.183512, 7.8146744, 489.22482, 12.94171372, 77.5664255
1445240722162, 1.5897499, 2.3463178, 9.682152, 221.39929, 12.94171372, 77.5664255
1445240722249, 1.5993267, 2.2505496, 8.801085, 111.17913, 12.94171372, 77.5664255
1445240722341, 2.432509, 4.3861775, 10.668563, 525.6834, 12.94171372, 77.5664255
1445240722425, 1.685518, 2.882619, 8.848969, 484.54077, 12.94171372, 77.5664255
1445240722514, 2.0015526, 2.72939, 8.963891, 31.205296, 12.94171745, 77.56639101
1445240722600, 2.078167, 4.462792, 11.645397, 528.4143, 12.94171745, 77.56639101
1445240722682, 2.2888567, 3.265691, 6.38773, 761.47296, 12.94171745, 77.56639101
1445240722769, 2.2026656, 3.7062242, 9.662998, 412.45575, 12.94171745, 77.56639101
1445240722858, 2.2122424, 3.3039982, 9.634268, 47.345966, 12.94171745, 77.56639101
1445240722978, 2.1643584, 3.3614593, 9.605537, 1.5960535, 12.94171745, 77.56639101
1445240723092, 2.1068976, 3.4763808, 9.605537, 5.0404196, 12.94171745, 77.56639101
1445240723233, 2.1068976, 3.4093432, 9.605537, 4.7883987, 12.94171745, 77.56639101
1445240723345, 2.0590134, 3.1028855, 9.32781, 55.935276, 12.94171745, 77.56639101
1445240723426, 2.1452048, 3.5913026, 9.634268, 108.77363, 12.94171745, 77.56639101
1445240723508, 2.5761611, 3.6966474, 10.199299, 134.30875, 12.94172435, 77.56635066
1445240723591, 1.6089035, 2.4133554, 7.52737, 600.3023, 12.94172435, 77.56635066
1445240723682, 2.3175871, 3.8402996, 10.151415, 517.3557, 12.94172435, 77.56635066
1445240723767, 2.384625, 4.596867, 9.710882, 45.067505, 12.94172435, 77.56635066
1445240723858, 2.3080103, 3.6104562, 8.944737, 201.00777, 12.94172435, 77.56635066
1445240723945, 2.3463178, 3.7349546, 9.9790325, 137.59778, 12.94172435, 77.56635066
1445240724036, 1.9632454, 2.4516625, 7.517793, 458.62262, 12.94172435, 77.56635066
1445240724124, 2.4899697, 4.050989, 9.481039, 464.6928, 12.94172435, 77.56635066
1445240724210, 2.2697031, 3.3806129, 8.66701, 195.9393, 12.94172435, 77.56635066
1445240724300, 2.327164, 4.5872903, 9.749189, 263.63104, 12.94172435, 77.56635066
1445240724387, 2.336741, 4.5681367, 10.658986, 102.29782, 12.94172435, 77.56635066
1445240724477, 2.4229321, 4.596867, 9.643845, 101.14831, 12.94173379, 77.56630057
1445240724563, 2.2601264, 3.1603463, 8.360553, 331.33545, 12.94173379, 77.56630057
1445240724651, 2.030283, 2.8060043, 8.073248, 99.032906, 12.94173379, 77.56630057
1445240724732, 2.336741, 3.9360676, 9.423578, 344.05566, 12.94173379, 77.56630057
1445240724820, 2.384625, 3.9073372, 10.266336, 97.94452, 12.94173379, 77.56630057
1445240724909, 2.1643584, 4.271256, 9.950302, 19.588688, 12.94173379, 77.56630057
1445240724997, 1.8004397, 2.3175871, 7.249643, 563.84784, 12.94173379, 77.56630057
1445240725083, 1.5993267, 4.2904096, 11.932701, 750.5544, 12.94173379, 77.56630057
1445240725168, 1.8195933, 4.0892963, 8.2169, 434.89975, 12.94173379, 77.56630057
1445240725250, 1.7717092, 3.7445314, 9.624691, 123.79786, 12.94173379, 77.56630057
1445240725340, 1.541866, 2.96881, 8.2169, 271.16367, 12.94173379, 77.56630057
1445240725427, 1.7429788, 5.650316, 11.425131, 700.09766, 12.94173379, 77.56630057
1445240725519, 1.532289, 3.8307228, 8.015787, 591.2638, 12.94174491, 77.56626567
1445240725600, 2.2505496, 4.185065, 9.835381, 352.7069, 12.94174491, 77.56626567
1445240725688, 1.2641385, 4.4340615, 11.473015, 102.29782, 12.94174491, 77.56626567
1445240725770, 1.1779473, 4.1659107, 8.159439, 447.30704, 12.94174491, 77.56626567
1445240725860, 0.8619126, 3.6774938, 10.429143, 164.63516, 12.94174491, 77.56626567
1445240725946, -0.15322891, -0.7757214, 4.4915223, 1311.0319, 12.94174491, 77.56626567
1445240726036, 1.4269443, 4.0892963, 18.646044, 2288.857, 12.94174491, 77.56626567
1445240726125, 0.7565677, 3.6583402, 8.197746, 1297.7114, 12.94174491, 77.56626567
1445240726211, 0.4405331, 4.012682, 8.686164, 61.967625, 12.94174491, 77.56626567
1445240726302, -0.06703765, 4.367024, 10.879252, 224.1605, 12.94174491, 77.56626567
1445240726389, 0.21068975, 3.916914, 10.486604, 64.20818, 12.94174491, 77.56626567
1445240726473, 0.05746084, 2.633622, 9.030929, 344.30902, 12.9417487, 77.56621596
1445240726556, -0.10534488, 3.821146, 11.827356, 460.37906, 12.9417487, 77.56621596
1445240726645, 0.08619126, 3.5817258, 8.887277, 339.54132, 12.9417487, 77.56621596
1445240726731, 0.11492168, 2.767697, 10.649409, 112.2798, 12.9417487, 77.56621596
1445240726821, 0.08619126, 2.3558946, 9.14585, 216.0102, 12.9417487, 77.56621596
1445240726908, 0.37349546, 2.7389667, 10.228029, 201.4431, 12.9417487, 77.56621596
1445240726998, 0.48841715, 2.9113493, 9.892841, 5.3203373, 12.9417487, 77.56621596
1445240727083, 0.22026655, 2.7868507, 8.801085, 174.63583, 12.9417487, 77.56621596
1445240727171, 0.41180268, 2.27928, 8.858546, 29.383356, 12.9417487, 77.56621596
1445240727263, 0.29688102, 3.323152, 10.189722, 248.3656, 12.9417487, 77.56621596
1445240727350, 0.29688102, 3.074155, 9.500193, 107.876564, 12.9417487, 77.56621596
1445240727436, 0.2681506, 3.5817258, 10.620679, 185.96826, 12.9417487, 77.56621596
1445240727525, -0.16280572, 2.1739352, 9.337387, 346.89322, 12.94173469, 77.56625171
1445240727611, -0.11492168, 3.2561142, 11.147403, 341.86963, 12.94173469, 77.56625171
1445240727704, 1.0821792, 2.480393, 9.212888, 162.70277, 12.94173469, 77.56625171
1445240727788, 0.6991069, 2.5474305, 9.251195, 33.062866, 12.94173469, 77.56625171
1445240727877, 0.18195933, 2.6144683, 10.697293, 111.90875, 12.94173469, 77.56625171
1445240727959, 0.4309563, 3.5913026, 8.0924015, 168.17813, 12.94173469, 77.56625171
1445240728046, 0.7374141, 3.41892, 9.452309, 171.72209, 12.94173469, 77.56625171
1445240728134, 0.81402856, 2.9783869, 10.151415, 38.089535, 12.94173469, 77.56625171
1445240728220, -0.17238252, 3.265691, 8.983045, 217.14853, 12.94173469, 77.56625171
1445240728301, 1.4077905, 3.1986535, 9.548077, 256.5638, 12.94173469, 77.56625171
1445240728390, 3.2561142, 2.0590134, 11.999739, 355.09497, 12.94173469, 77.56625171
1445240728478, 2.030283, 1.2449849, 9.270349, 541.9602, 12.94175108, 77.56623267
1445240728566, 1.4748282, 1.0821792, 9.270349, 81.62043, 12.94175108, 77.56623267
1445240728655, 1.3024458, 1.340753, 9.797073, 68.86707, 12.94175108, 77.56623267
1445240728744, 1.1492168, 1.484405, 10.0269165, 24.749027, 12.94175108, 77.56623267
1445240728830, 1.1779473, 2.078167, 8.63828, 89.08649, 12.94175108, 77.56623267
1445240728918, 1.0821792, 1.3024458, 8.839393, 76.17907, 12.94175108, 77.56623267
1445240729004, 1.8004397, 1.1971009, 9.921572, 199.42294, 12.94175108, 77.56623267
1445240729091, 0.7374141, 1.1109096, 9.308656, 200.24234, 12.94175108, 77.56623267
1445240729179, 1.0630256, 1.2354081, 9.653421, 90.32672, 12.94175108, 77.56623267
1445240729269, 0.58418524, 1.2162545, 9.203311, 106.528534, 12.94175108, 77.56623267
1445240729356, 0.7182605, 1.532289, 9.758766, 114.268715, 12.94175108, 77.56623267
1445240729448, 0.842759, 1.6663644, 9.433155, 7.286694, 12.94176327, 77.56617931
1445240729532, 0.90021986, 2.0685902, 9.892841, 109.44911, 12.94176327, 77.56617931
1445240729621, 0.7661445, 1.6089035, 9.404425, 122.9749, 12.94176327, 77.56617931
1445240729709, 1.1013328, 1.9536686, 9.873688, 129.12537, 12.94176327, 77.56617931
1445240729798, 0.7565677, 1.5131354, 9.586384, 121.88662, 12.94176327, 77.56617931
1445240729886, 0.2681506, 1.5610195, 9.557653, 52.72619, 12.94176327, 77.56617931
1445240729974, 0.48841715, 1.1109096, 9.80665, 2.176545, 12.94176327, 77.56617931
1445240730064, 0.5267244, 1.7046716, 9.787497, 68.86697, 12.94176327, 77.56617931
1445240730151, 0.45968673, 1.9440918, 9.787497, 19.588797, 12.94176327, 77.56617931
1445240730239, 0.4405331, 2.4708161, 9.969456, 78.35573, 12.94176327, 77.56617931
1445240730327, 1.13964, 2.2888567, 9.519346, 7.618124, 12.94176327, 77.56617931
1445240730415, 0.16280572, 1.0726024, 9.595961, 240.50842, 12.94176327, 77.56617931
1445240730497, -0.2873042, 1.283292, 9.682152, 18.917131, 12.94177029, 77.56618172
1445240730582, 0.1340753, 1.9249382, 11.061212, 283.9634, 12.94177029, 77.56618172
1445240730670, 0.11492168, 2.1643584, 9.835381, 114.268715, 12.94177029, 77.56618172
1445240730759, -0.2777274, 2.2026656, 8.437167, 199.15396, 12.94177029, 77.56618172
1445240730853, 1.6089035, 2.27928, 11.233594, 501.01813, 12.94177029, 77.56618172
1445240730941, 0.21068975, 1.8195933, 9.337387, 426.60312, 12.94177029, 77.56618172
1445240731024, 0.5650316, 1.6663644, 10.208876, 129.22906, 12.94177029, 77.56618172
1445240731113, -0.076614454, 1.4460979, 9.77792, 146.91699, 12.94177029, 77.56618172
1445240731201, 0.5267244, 1.6472107, 9.672575, 79.44389, 12.94177029, 77.56618172
1445240731289, 0.7278373, 2.2984335, 9.232041, 46.269814, 12.94177029, 77.56618172
1445240731377, 0.36391866, 2.2122424, 9.097966, 66.38462, 12.94177029, 77.56618172
1445240731465, -0.02873042, 0.81402856, 9.634268, 142.56369, 12.94176691, 77.56618171
1445240731554, -0.08619126, 2.2218192, 9.77792, 169.7706, 12.94176691, 77.56618171
1445240731642, -0.15322891, 1.2258313, 10.726024, 12.912536, 12.94176691, 77.56618171
1445240731731, 1.2737153, 2.0111294, 9.050082, 60.258503, 12.94176691, 77.56618171
1445240731819, 0.7086837, 1.8483237, 10.486604, 80.53238, 12.94176691, 77.56618171
1445240731907, 0.4213795, 1.4939818, 9.021352, 239.42026, 12.94176691, 77.56618171
1445240731996, 0.4309563, 2.6623523, 9.184157, 150.64636, 12.94176691, 77.56618171
1445240732084, -0.019153614, 2.8443117, 9.452309, 1.08372085E-4, 12.94176691, 77.56618171
1445240732172, -0.019153614, 2.2697031, 9.414001, 69.64954, 12.94176691, 77.56618171
1445240732260, 0.17238252, 3.8977604, 9.998186, 273.1566, 12.94176691, 77.56618171
1445240732349, 0.019153614, 3.0454245, 9.308656, 190.46013, 12.94176691, 77.56618171
1445240732430, 0.79487497, 4.7500963, 9.433155, 321.59167, 12.94176691, 77.56618171
1445240732515, -0.22984336, 4.6830587, 9.308656, 143.08885, 12.94176837, 77.56615898
1445240732597, 0.22026655, 3.964798, 8.695741, 107.44711, 12.94176837, 77.56615898
1445240732683, 2.1260512, 4.1371803, 9.174581, 297.3264, 12.94176837, 77.56615898
1445240732771, 0.5746084, 4.2521024, 9.615114, 113.180336, 12.94176837, 77.56615898
1445240732863, -0.39264908, 4.213795, 9.222465, 153.64992, 12.94176837, 77.56615898
1445240732946, 0.90021986, 3.9743748, 9.595961, 171.92093, 12.94176837, 77.56615898
1445240733029, 1.1204864, 2.6240451, 9.126697, 190.39609, 12.94176837, 77.56615898
1445240733130, 0.78529817, 2.327164, 9.988609, 24.194014, 12.94176837, 77.56615898
1445240733213, 0.076614454, 2.2122424, 9.3661175, 164.32924, 12.94176837, 77.56615898
1445240733295, 0.038307227, 1.982399, 9.653421, 2.3646414, 12.94176837, 77.56615898
1445240733389, 0.81402856, 2.3558946, 9.624691, 116.71732, 12.94176837, 77.56615898
1445240733477, 0.45010993, 2.480393, 9.3661175, 56.590168, 12.94176536, 77.56616384
1445240733566, 0.095768064, 2.72939, 10.28549, 91.46379, 12.94176536, 77.56616384
1445240733650, 0.25857377, 2.777274, 9.461885, 72.96608, 12.94176536, 77.56616384
1445240733735, 0.89064306, 2.2984335, 9.308656, 1.1353266E-4, 12.94176536, 77.56616384
1445240733829, 0.24899697, 2.183512, 9.988609, 8.150466, 12.94176536, 77.56616384
1445240733910, 0.18195933, 2.327164, 9.615114, 36.204967, 12.94176536, 77.56616384
1445240734008, 0.7086837, 2.9975405, 10.304645, 192.51346, 12.94176536, 77.56616384
1445240734096, 0.36391866, 2.930503, 9.730036, 113.38059, 12.94176536, 77.56616384
1445240734183, 0.63206923, 3.6583402, 8.6095495, 14.147433, 12.94176536, 77.56616384
1445240734272, 0.93852705, 3.8977604, 9.088389, 115.13677, 12.94176536, 77.56616384
1445240734357, 0.45010993, 3.0262709, 10.007763, 52.444366, 12.94176536, 77.56616384
1445240734439, 0.7182605, 3.074155, 9.5385, 18.686317, 12.94176536, 77.56616384
1445240734524, 1.1587936, 3.7924154, 9.605537, 142.5385, 12.94177451, 77.56615562
1445240734610, 0.34476504, 3.620033, 9.9790325, 72.107765, 12.94177451, 77.56615562
1445240734694, -0.10534488, 2.8538885, 8.992621, 262.22208, 12.94177451, 77.56615562
1445240734782, 1.1683705, 4.6830587, 10.247183, 489.60074, 12.94177451, 77.56615562
1445240734875, 0.12449849, 2.4899697, 8.6574335, 548.48975, 12.94177451, 77.56615562
1445240734958, 0.45968673, 2.384625, 10.6398325, 251.39125, 12.94177451, 77.56615562
1445240735063, 0.5650316, 3.0071173, 9.586384, 32.23863, 12.94177451, 77.56615562
1445240735147, 0.641646, 3.715801, 9.11712, 35.91299, 12.94177451, 77.56615562
1445240735233, 0.25857377, 3.3901896, 7.97748, 217.44987, 12.94177451, 77.56615562
1445240735323, 0.81402856, 5.5641246, 10.907983, 621.96625, 12.94177451, 77.56615562
1445240735411, 0.2777274, 5.2385135, 7.3645644, 500.6057, 12.94177451, 77.56615562
1445240735513, 0.35434186, 4.367024, 11.683704, 345.51624, 12.94178376, 77.5661412
1445240735596, 0.92895025, 3.9264908, 7.97748, 430.37943, 12.94178376, 77.5661412
1445240735687, 0.20111294, 3.1028855, 8.7053175, 90.5061, 12.94178376, 77.5661412
1445240735774, -0.06703765, 2.4037786, 7.632715, 239.9835, 12.94178376, 77.5661412
1445240735861, 0.61291564, 3.3806129, 10.850522, 553.9311, 12.94178376, 77.5661412
1445240735950, 0.8331822, 4.146757, 9.423578, 48.94818, 12.94178376, 77.5661412
1445240736037, 0.05746084, 3.9360676, 9.203311, 138.69867, 12.94178376, 77.5661412
1445240736125, 0.076614454, 2.825158, 10.5440645, 29.999722, 12.94178376, 77.5661412
1445240736211, 1.0534488, 4.5681367, 8.226477, 44.200603, 12.94178376, 77.5661412
1445240736295, 0.047884032, 3.8307228, 12.200851, 268.84286, 12.94178376, 77.5661412
1445240736383, 0.0, 2.4420857, 7.4986396, 722.20386, 12.94178376, 77.5661412
1445240736472, 0.06703765, 2.4420857, 11.760319, 470.5127, 12.94179739, 77.56611991
1445240736568, 0.21068975, 3.0071173, 10.170568, 90.83168, 12.94179739, 77.56611991
1445240736655, 0.009576807, 2.5474305, 9.787497, 119.985275, 12.94179739, 77.56611991
1445240736741, 0.842759, 2.3654714, 11.798626, 309.576, 12.94179739, 77.56611991
1445240736826, 3.0262709, 5.0757074, 9.289502, 280.54404, 12.94179739, 77.56611991
1445240736921, 3.265691, 5.889736, 9.442732, 127.018875, 12.94179739, 77.56611991
1445240737050, 3.3423057, 6.694188, 9.519346, 74.23874, 12.94179739, 77.56611991
1445240737171, 3.2944214, 7.0581064, 9.452309, 20.578163, 12.94179739, 77.56611991
1445240737306, 3.1124623, 6.83784, 9.32781, 39.016582, 12.94179739, 77.56611991
1445240737391, -6.339846, 13.666103, 19.239805, 857.40594, 12.94179739, 77.56611991
1445240737480, -1.043872, 15.734694, 17.448942, 633.3752, 12.94181072, 77.56611517
1445240737568, 0.45010993, -2.0015526, 8.954314, 2779.4263, 12.94181072, 77.56611517
1445240737655, 4.1371803, 4.5298295, 14.030022, 1757.9495, 12.94181072, 77.56611517
1445240737744, -0.15322891, 2.2409728, 3.8019924, 1888.4601, 12.94181072, 77.56611517
1445240737832, 0.15322891, 5.1235914, 9.414001, 1000.12335, 12.94181072, 77.56611517
1445240737920, 0.21068975, 5.171476, 7.6710224, 186.0947, 12.94181072, 77.56611517
1445240738009, -0.15322891, 4.185065, 13.723564, 534.34216, 12.94181072, 77.56611517
1445240738099, 0.11492168, 2.3463178, 8.686164, 726.1535, 12.94181072, 77.56611517
1445240738185, 1.1779473, 4.807557, 8.1402855, 346.32407, 12.94181072, 77.56611517
1445240738274, 0.34476504, 2.882619, 9.193734, 193.7127, 12.94181072, 77.56611517
1445240738362, 0.2873042, 2.7102363, 9.452309, 3.2282412, 12.94181072, 77.56611517
1445240738455, 1.1587936, 6.7612257, 11.712435, 780.718, 12.94182224, 77.56607639
1445240738539, 0.7182605, 5.449203, 7.699753, 686.33777, 12.94182224, 77.56607639
1445240738627, 0.25857377, 3.4284968, 9.720459, 51.650196, 12.94182224, 77.56607639
1445240738715, 0.59376204, 2.432509, 6.9623384, 388.51364, 12.94182224, 77.56607639
1445240738804, -0.15322891, 2.815581, 11.827356, 505.7413, 12.94182224, 77.56607639
1445240738892, 0.9672575, 4.548983, 10.0269165, 119.71008, 12.94182224, 77.56607639
1445240738980, 0.59376204, 2.1930888, 8.322245, 509.66226, 12.94182224, 77.56607639
1445240739068, 1.3024458, 5.0374002, 10.524911, 646.7037, 12.94182224, 77.56607639
1445240739157, -0.019153614, 2.4516625, 8.159439, 712.81915, 12.94182224, 77.56607639
1445240739245, 0.1436521, 1.0534488, 8.111555, 144.19014, 12.94182224, 77.56607639
1445240739333, 1.3311762, 2.9017725, 13.800179, 991.4171, 12.94182224, 77.56607639
1445240739422, 0.39264908, 2.27928, 5.2480903, 1149.2168, 12.94182224, 77.56607639
1445240739510, 0.36391866, 2.6623523, 14.202404, 1045.9165, 12.94184198, 77.56604397
1445240739598, 0.24899697, 1.8579005, 7.029376, 919.5911, 12.94184198, 77.56604397
1445240739686, 0.2777274, 2.336741, 11.626244, 580.04987, 12.94184198, 77.56604397
1445240739775, -0.10534488, 2.7581203, 9.3182335, 255.0228, 12.94184198, 77.56604397
1445240739863, 1.043872, 2.2122424, 10.342952, 185.00642, 12.94184198, 77.56604397
1445240739951, 0.46926352, 2.5187001, 9.356541, 142.5638, 12.94184198, 77.56604397
1445240740040, 0.29688102, 2.3942018, 9.662998, 1.0882725, 12.94184198, 77.56604397
1445240740128, 0.6703765, 2.1643584, 9.720459, 22.596937, 12.94184198, 77.56604397
1445240740216, 0.8331822, 2.6623523, 9.375694, 35.9131, 12.94184198, 77.56604397
1445240740304, 0.06703765, 2.2026656, 9.040505, 177.38873, 12.94184198, 77.56604397
1445240740393, 0.02873042, 1.0534488, 8.944737, 144.1901, 12.94184198, 77.56604397
1445240740483, 0.49799395, 2.384625, 9.088389, 216.0102, 12.94184437, 77.56594441
1445240740569, -0.17238252, 2.1739352, 10.160992, 22.271732, 12.94184437, 77.56594441
1445240740658, 1.043872, 4.7788267, 10.505757, 468.08008, 12.94184437, 77.56594441
1445240740746, 0.1340753, 2.0685902, 8.303091, 661.6704, 12.94184437, 77.56594441
1445240740834, 0.7086837, 2.5378537, 9.682152, 275.33325, 12.94184437, 77.56594441
1445240740922, 0.8331822, 3.3423057, 10.170568, 161.06432, 12.94184437, 77.56594441
1445240741011, 0.91937345, 4.1276035, 9.768343, 52.72619, 12.94184437, 77.56594441
1445240741099, 0.62249243, 2.327164, 8.101978, 427.6915, 12.94184437, 77.56594441
1445240741187, 0.15322891, 2.4133554, 9.308656, 93.59154, 12.94184437, 77.56594441
1445240741275, 0.4213795, 1.8866309, 9.270349, 33.736553, 12.94184437, 77.56594441
1445240741356, 0.18195933, 1.5227122, 9.691729, 22.463976, 12.94184437, 77.56594441
1445240741442, 0.79487497, 2.528277, 10.773908, 314.0301, 12.94184437, 77.56594441
1445240741531, 0.22026655, 3.8881836, 9.442732, 62.03164, 12.94184191, 77.56586076
1445240741619, 0.20111294, 1.340753, 9.059659, 331.4221, 12.94184191, 77.56586076
1445240741707, 0.5650316, 2.336741, 10.189722, 282.95117, 12.94184191, 77.56586076
1445240741795, -0.047884032, 1.6663644, 9.749189, 195.88925, 12.94184191, 77.56586076
1445240741901, -0.10534488, 1.3215994, 9.040505, 104.802864, 12.94184191, 77.56586076
1445240742102, -0.12449849, 1.1013328, 8.532935, 37.163692, 12.94184191, 77.56586076
1445240742260, -0.15322891, 1.3024458, 8.073248, 18.183853, 12.94184191, 77.56586076
1445240742341, 0.076614454, 3.323152, 9.232041, 420.9065, 12.94184191, 77.56586076
1445240742423, -0.2777274, -0.39264908, 10.429143, 354.6965, 12.94184191, 77.56586076
1445240742509, 0.5363012, 2.5761611, 9.088389, 280.69934, 12.94184894, 77.56581745
1445240742590, 0.08619126, 2.1260512, 11.808203, 224.64104, 12.94184894, 77.56581745
1445240742678, 0.38307226, 2.3654714, 8.935161, 265.5387, 12.94184894, 77.56581745
1445240742769, 1.0247183, 4.7309427, 11.128249, 590.9327, 12.94184894, 77.56581745
1445240742854, 0.009576807, 2.2984335, 7.2113357, 836.88226, 12.94184894, 77.56581745
1445240742943, -0.1436521, 0.21068975, 10.879252, 160.33081, 12.94184894, 77.56581745
1445240743032, 0.9672575, 2.327164, 10.888829, 367.8364, 12.94184894, 77.56581745
1445240743119, 0.095768064, 1.5705963, 9.691729, 321.0406, 12.94184894, 77.56581745
1445240743208, 0.6895301, 2.7581203, 9.854534, 218.43727, 12.94184894, 77.56581745
1445240743296, 1.1587936, 3.6296098, 8.772355, 29.383356, 12.94184894, 77.56581745
1445240743385, 0.59376204, 2.0111294, 10.151415, 90.38797, 12.94184894, 77.56581745
1445240743474, 0.22984336, 0.5363012, 10.419566, 176.47144, 12.94185136, 77.56578679
1445240743558, 2.4037786, 5.0661306, 13.809755, 1201.6613, 12.94185136, 77.56578679
1445240743640, 0.2777274, 3.083732, 5.171476, 1573.6702, 12.94185136, 77.56578679
1445240743729, 0.1340753, 0.9768343, 8.686164, 142.03806, 12.94185136, 77.56578679
1445240743821, -0.59376204, 0.78529817, 10.084377, 51.48816, 12.94185136, 77.56578679
1445240743910, -0.24899697, -1.1971009, 2.27928, 1073.0376, 12.94185136, 77.56578679
1445240743992, -1.6280571, 11.894394, 15.581465, 3013.8096, 12.94185136, 77.56578679
1445240744082, -1.5131354, 2.2505496, 4.6830587, 2269.7031, 12.94185136, 77.56578679
1445240744171, -1.3503298, 12.172121, 9.481039, 1691.177, 12.94185136, 77.56578679
1445240744257, -0.10534488, 1.9919758, 9.720459, 999.51044, 12.94185136, 77.56578679
1445240744346, 1.0726024, 0.9864111, 7.97748, 176.47154, 12.94185136, 77.56578679
1445240744437, 1.7812861, 4.9224787, 7.6710224, 476.7356, 12.94185136, 77.56578679
1445240744522, 0.46926352, 3.1986535, 11.022904, 37.180508, 12.94187629, 77.56574813
1445240744610, -0.05746084, 2.2122424, 8.781932, 426.60312, 12.94187629, 77.56574813
1445240744705, 0.9576807, 1.982399, 11.827356, 407.5237, 12.94187629, 77.56574813
1445240744787, 1.1109096, 2.327164, 9.643845, 203.07437, 12.94187629, 77.56574813
1445240744875, 0.2873042, 2.566584, 10.314221, 9.79456, 12.94187629, 77.56574813
1445240744968, 0.49799395, 1.733402, 7.833828, 333.64362, 12.94187629, 77.56574813
1445240745057, 0.16280572, 2.5378537, 11.923124, 512.1977, 12.94187629, 77.56574813
1445240745140, 0.7469909, 2.7868507, 9.212888, 226.15111, 12.94187629, 77.56574813
1445240745229, 0.16280572, 2.825158, 8.456321, 146.34218, 12.94187629, 77.56574813
1445240745316, 0.019153614, 1.2162545, 11.779472, 180.52824, 12.94187629, 77.56574813
1445240745405, 1.484405, 5.2480903, 8.465898, 245.33852, 12.94187629, 77.56574813
1445240745493, -0.80445176, 2.030283, 9.701305, 485.37, 12.94188447, 77.56571238
1445240745591, 0.2873042, 1.5705963, 8.858546, 21.946829, 12.94188447, 77.56571238
1445240745675, 0.6895301, 4.606444, 13.034034, 885.2977, 12.94188447, 77.56571238
1445240745758, 0.22026655, 1.4077905, 4.5298295, 1466.5206, 12.94188447, 77.56571238
1445240745846, 0.38307226, 1.6663644, 13.359646, 1051.2722, 12.94188447, 77.56571238
1445240745944, 1.1971009, 4.271256, 9.509769, 46.339344, 12.94188447, 77.56571238
1445240746023, 0.5746084, 2.135628, 10.850522, 168.73428, 12.94188447, 77.56571238
1445240746111, 0.38307226, 1.4556746, 8.743625, 338.45306, 12.94188447, 77.56571238
1445240746201, 0.4309563, 2.1068976, 9.528923, 164.93407, 12.94188447, 77.56571238
1445240746288, -0.019153614, 1.7621324, 11.808203, 170.62134, 12.94188447, 77.56571238
1445240746376, 2.2505496, 4.855441, 10.448297, 454.89832, 12.94188447, 77.56571238
1445240746468, 1.1492168, 3.3423057, 8.456321, 500.70035, 12.94190292, 77.56568135
1445240746559, 1.541866, 4.357447, 8.532935, 163.12137, 12.94190292, 77.56568135
1445240746641, 0.0, 1.8195933, 10.199299, 294.31174, 12.94190292, 77.56568135
1445240746730, 3.3135753, 7.201759, 7.785944, 713.9074, 12.94190292, 77.56568135
1445240746819, 0.10534488, 2.6910827, 9.691729, 653.15967, 12.94190292, 77.56568135
1445240746906, 0.23942018, 1.7525556, 7.52737, 337.36478, 12.94190292, 77.56568135
1445240746989, -0.20111294, 1.7142484, 13.618219, 684.3914, 12.94190292, 77.56568135
1445240747073, 1.340753, 3.4093432, 6.6750345, 436.02643, 12.94190292, 77.56568135
1445240747161, 0.50757074, 2.1452048, 11.482592, 307.9814, 12.94190292, 77.56568135
1445240747250, 1.4269443, 2.8443117, 10.429143, 63.48685, 12.94190292, 77.56568135
1445240747338, 0.49799395, 2.1643584, 9.078813, 336.27664, 12.94190292, 77.56568135
1445240747426, 0.076614454, 2.4229321, 10.850522, 182.8301, 12.94190292, 77.56568135
1445240747514, 0.6703765, 2.2409728, 9.653421, 89.23844, 12.94190714, 77.56563844
1445240747603, 0.46926352, 2.0685902, 9.595961, 48.422115, 12.94190714, 77.56563844
1445240747691, 0.7278373, 2.336741, 9.595961, 59.85509, 12.94190714, 77.56563844
1445240747780, 1.5705963, 2.327164, 9.892841, 128.41615, 12.94190714, 77.56563844
1445240747868, 1.3215994, 2.528277, 9.3182335, 69.9429, 12.94190714, 77.56563844
1445240747956, 0.7565677, 2.1260512, 8.992621, 146.91699, 12.94190714, 77.56563844
1445240748044, 1.3503298, 2.6719291, 9.586384, 196.97754, 12.94190714, 77.56563844
1445240748133, 0.9576807, 2.7868507, 10.0748005, 23.941994, 12.94190714, 77.56563844
1445240748221, 0.047884032, 3.3518825, 8.542512, 210.90497, 12.94190714, 77.56563844
1445240748309, 0.1340753, 3.9743748, 10.582372, 312.33453, 12.94190714, 77.56563844
1445240748398, -0.019153614, 4.0701427, 9.844957, 90.32672, 12.94190714, 77.56563844
1445240748486, 0.62249243, 2.3175871, 8.561666, 269.01138, 12.94190641, 77.56562319
1445240748574, 0.8810662, 2.9783869, 11.118672, 395.04324, 12.94190641, 77.56562319
1445240748663, 0.18195933, 2.5761611, 8.7053175, 394.90872, 12.94190641, 77.56562319
1445240748751, 2.078167, 6.8282633, 8.916007, 722.6136, 12.94190641, 77.56562319
1445240748839, 0.06703765, 2.432509, 7.7572136, 859.73615, 12.94190641, 77.56562319
1445240748928, 0.34476504, 2.2984335, 10.103531, 282.95105, 12.94190641, 77.56562319
1445240749016, 0.18195933, 2.8538885, 8.274361, 161.40681, 12.94190641, 77.56562319
1445240749104, -0.076614454, 3.86903, 12.018892, 511.4886, 12.94190641, 77.56562319
1445240749192, 1.1875241, 5.3247046, 8.494628, 91.41489, 12.94190641, 77.56562319
1445240749281, 0.90979666, 3.5913026, 9.270349, 140.3873, 12.94190641, 77.56562319
1445240749369, 1.1971009, 4.711789, 9.911995, 232.89053, 12.94190641, 77.56562319
1445240749457, 0.91937345, 4.050989, 9.050082, 202.29662, 12.94190641, 77.56562319
1445240749545, 1.484405, 5.363012, 9.940725, 314.51117, 12.94189317, 77.56559265
1445240749634, 0.78529817, 3.2752678, 9.32781, 381.99622, 12.94189317, 77.56559265
1445240749722, 0.641646, 1.8579005, 9.471462, 161.06454, 12.94189317, 77.56559265
1445240749810, 1.0055647, 2.6623523, 9.988609, 191.53606, 12.94189317, 77.56559265
1445240749898, 1.2066777, 3.763685, 9.758766, 121.88662, 12.94189317, 77.56559265
1445240749987, 1.0630256, 2.9017725, 9.787497, 109.75666, 12.94189317, 77.56559265
1445240750076, 0.45968673, 2.3463178, 8.63828, 259.32697, 12.94189317, 77.56559265
1445240750164, 1.6280571, 3.7253778, 9.289502, 363.4833, 12.94189317, 77.56559265
1445240750252, 0.2777274, 2.4612393, 9.739613, 245.9498, 12.94189317, 77.56559265
1445240750340, 1.043872, 2.5761611, 8.37013, 55.501896, 12.94189317, 77.56559265
1445240750430, 0.39264908, 2.825158, 9.873688, 123.74524, 12.94189317, 77.56559265
1445240750516, 0.92895025, 3.6008794, 9.490616, 106.7759, 12.94189399, 77.56556728
1445240750604, 1.484405, 3.4955344, 9.854534, 92.50316, 12.94189399, 77.56556728
1445240750693, 0.6895301, 2.5187001, 8.283937, 375.53995, 12.94189399, 77.56556728
1445240750782, 0.63206923, 2.4133554, 9.241618, 90.326614, 12.94189399, 77.56556728
1445240750870, 0.7757214, 2.3175871, 9.433155, 26.901224, 12.94189399, 77.56556728
1445240750958, 1.0342951, 2.4420857, 9.423578, 42.442734, 12.94189399, 77.56556728
1445240751047, 2.183512, 4.3478703, 10.955867, 515.42584, 12.94189399, 77.56556728
1445240751135, 0.7469909, 2.6910827, 8.954314, 578.96155, 12.94189399, 77.56556728
1445240751223, 1.2354081, 3.5242648, 10.199299, 291.65723, 12.94189399, 77.56556728
1445240751311, 0.9959879, 2.6240451, 8.7053175, 299.2751, 12.94189399, 77.56556728
1445240751497, 1.0726024, 2.8921957, 9.059659, 37.789524, 12.94189399, 77.56556728
1445240751659, 1.0151415, 3.3039982, 9.548077, 51.703014, 12.94189399, 77.56556728
1445240751820, 1.0055647, 3.4284968, 10.266336, 51.750397, 12.94189399, 77.56556728
1445240751976, 0.9576807, 3.3997664, 11.243171, 57.706467, 12.94189399, 77.56556728
1445240752156, 0.7374141, 3.3806129, 11.9135475, 23.942047, 12.94189399, 77.56556728
1445240752248, 0.8331822, 2.0111294, 8.868123, 474.63077, 12.9418976, 77.56553864
1445240752332, 0.7278373, 1.8483237, 9.643845, 59.71415, 12.9418976, 77.56553864
1445240752423, 0.8714894, 2.3080103, 10.342952, 144.71616, 12.9418976, 77.56553864
1445240752509, 0.34476504, 1.9057846, 9.80665, 170.37813, 12.94190231, 77.56551122
1445240752597, -0.18195933, 1.7908629, 10.0269165, 47.345966, 12.94190231, 77.56551122
1445240752685, 0.24899697, 1.8770541, 8.810662, 80.35715, 12.94190231, 77.56551122
1445240752773, 0.15322891, 2.0111294, 9.404425, 71.01906, 12.94190231, 77.56551122
1445240752862, 0.59376204, 1.6567876, 10.237606, 103.300285, 12.94190231, 77.56551122
1445240752950, 1.0151415, 2.030283, 9.892841, 51.148804, 12.94190231, 77.56551122
1445240753039, 0.5746084, 1.2449849, 8.858546, 256.83252, 12.94190231, 77.56551122
1445240753127, 0.8331822, 1.5801731, 9.615114, 151.7224, 12.94190231, 77.56551122
1445240753218, 0.02873042, 0.7278373, 11.87524, 66.3009, 12.94190231, 77.56551122
1445240753304, 0.8619126, 1.1587936, 10.065224, 64.220985, 12.94190231, 77.56551122
1445240753392, 0.7565677, 1.7046716, 9.385271, 26.901117, 12.94190231, 77.56551122
1445240753474, 0.4309563, 1.1013328, 10.189722, 15.182844, 12.94189359, 77.56548499
1445240753562, 0.89064306, 1.1779473, 9.595961, 6.604578, 12.94189359, 77.56548499
1445240753648, 0.15322891, 1.2354081, 9.749189, 61.24707, 12.94189359, 77.56548499
1445240753735, 0.41180268, 1.1492168, 10.151415, 65.296455, 12.94189359, 77.56548499
1445240753823, 0.41180268, 0.93852705, 9.471462, 106.02883, 12.94189359, 77.56548499
1445240753910, 0.40222588, 1.3790601, 9.77792, 81.93493, 12.94189359, 77.56548499
1445240753991, 0.82360536, 2.0590134, 9.825804, 140.14848, 12.94189359, 77.56548499
1445240754073, 0.63206923, 1.982399, 10.342952, 30.365572, 12.94189359, 77.56548499
1445240754159, 0.7374141, 0.5650316, 10.113108, 179.2869, 12.94189359, 77.56548499
1445240754246, 2.2601264, 2.7006595, 8.360553, 219.0557, 12.94189359, 77.56548499
